lane,source,destination,bytes,status
final/Unsorted/CLAIMS,\\dlowenas\brain\apps\paper-intelligence-suite-python\OUTPUT\mda_math_translation_full61_20260530_053137\01_OUTBOX_REPORTS\MDA-001-story-introduction.claim-audit.csv,\\dlowenas\brain\apps\paper-intelligence-suite-python\OUTPUT\mda_math_translation_full61_20260530_053137\03_FINAL_READY\Unsorted\MDA-001-story-introduction\CLAIMS\MDA-001-story-introduction.claim-audit.csv,6613,
html,\\dlowenas\brain\apps\paper-intelligence-suite-python\OUTPUT\mda_math_translation_full61_20260530_053137\01_OUTBOX_REPORTS\MDA-001-story-introduction.paper-grade.html,\\dlowenas\brain\apps\paper-intelligence-suite-python\OUTPUT\mda_math_translation_full61_20260530_053137\02_HTML_OUTPUTS\MDA-001-story-introduction.paper-grade.html,9814,
final/Unsorted/HTML,\\dlowenas\brain\apps\paper-intelligence-suite-python\OUTPUT\mda_math_translation_full61_20260530_053137\01_OUTBOX_REPORTS\MDA-001-story-introduction.paper-grade.html,\\dlowenas\brain\apps\paper-intelligence-suite-python\OUTPUT\mda_math_translation_full61_20260530_053137\03_FINAL_READY\Unsorted\MDA-001-story-introduction\HTML\MDA-001-story-introduction.paper-grade.html,9814,
final/Unsorted/JSON,\\dlowenas\brain\apps\paper-intelligence-suite-python\OUTPUT\mda_math_translation_full61_20260530_053137\01_OUTBOX_REPORTS\MDA-001-story-introduction.paper-grade.json,\\dlowenas\brain\apps\paper-intelligence-suite-python\OUTPUT\mda_math_translation_full61_20260530_053137\03_FINAL_READY\Unsorted\MDA-001-story-introduction\JSON\MDA-001-story-introduction.paper-grade.json,17596,
final/Unsorted/LOSSLESS_SUMMARY,\\dlowenas\brain\apps\paper-intelligence-suite-python\OUTPUT\mda_math_translation_full61_20260530_053137\01_OUTBOX_REPORTS\MDA-001-story-introduction.paper-grade.json,\\dlowenas\brain\apps\paper-intelligence-suite-python\OUTPUT\mda_math_translation_full61_20260530_053137\03_FINAL_READY\Unsorted\MDA-001-story-introduction\LOSSLESS_SUMMARY\MDA-001-story-introduction.lossless-summary.md,15057,
final/Unsorted/HTML,\\dlowenas\brain\apps\paper-intelligence-suite-python\OUTPUT\mda_math_translation_full61_20260530_053137\01_OUTBOX_REPORTS\MDA-001-story-introduction.paper-grade.json,\\dlowenas\brain\apps\paper-intelligence-suite-python\OUTPUT\mda_math_translation_full61_20260530_053137\03_FINAL_READY\Unsorted\MDA-001-story-introduction\HTML\MDA-001-story-introduction.paper-grade-dashboard.html,12609,rendered
final/Unsorted/EXCEL,\\dlowenas\brain\apps\paper-intelligence-suite-python\OUTPUT\mda_math_translation_full61_20260530_053137\01_OUTBOX_REPORTS\MDA-001-story-introduction.paper-grade.json,\\dlowenas\brain\apps\paper-intelligence-suite-python\OUTPUT\mda_math_translation_full61_20260530_053137\03_FINAL_READY\Unsorted\MDA-001-story-introduction\EXCEL\MDA-001-story-introduction.paper-grade.review.xlsx,14096,rendered
final/Unsorted/MARKDOWN,\\dlowenas\brain\apps\paper-intelligence-suite-python\OUTPUT\mda_math_translation_full61_20260530_053137\01_OUTBOX_REPORTS\MDA-001-story-introduction.paper-grade.md,\\dlowenas\brain\apps\paper-intelligence-suite-python\OUTPUT\mda_math_translation_full61_20260530_053137\03_FINAL_READY\Unsorted\MDA-001-story-introduction\MARKDOWN\MDA-001-story-introduction.paper-grade.md,5307,
final/Unsorted/EXCEL,\\dlowenas\brain\apps\paper-intelligence-suite-python\OUTPUT\mda_math_translation_full61_20260530_053137\01_OUTBOX_REPORTS\MDA-001-story-introduction.paper-grade.xlsx,\\dlowenas\brain\apps\paper-intelligence-suite-python\OUTPUT\mda_math_translation_full61_20260530_053137\03_FINAL_READY\Unsorted\MDA-001-story-introduction\EXCEL\MDA-001-story-introduction.paper-grade.xlsx,9295,
final/Unsorted/CLAIMS,\\dlowenas\brain\apps\paper-intelligence-suite-python\OUTPUT\mda_math_translation_full61_20260530_053137\01_OUTBOX_REPORTS\MDA-002-samuel-1900.claim-audit.csv,\\dlowenas\brain\apps\paper-intelligence-suite-python\OUTPUT\mda_math_translation_full61_20260530_053137\03_FINAL_READY\Unsorted\MDA-002-samuel-1900\CLAIMS\MDA-002-samuel-1900.claim-audit.csv,1718,
html,\\dlowenas\brain\apps\paper-intelligence-suite-python\OUTPUT\mda_math_translation_full61_20260530_053137\01_OUTBOX_REPORTS\MDA-002-samuel-1900.paper-grade.html,\\dlowenas\brain\apps\paper-intelligence-suite-python\OUTPUT\mda_math_translation_full61_20260530_053137\02_HTML_OUTPUTS\MDA-002-samuel-1900.paper-grade.html,6769,
final/Unsorted/HTML,\\dlowenas\brain\apps\paper-intelligence-suite-python\OUTPUT\mda_math_translation_full61_20260530_053137\01_OUTBOX_REPORTS\MDA-002-samuel-1900.paper-grade.html,\\dlowenas\brain\apps\paper-intelligence-suite-python\OUTPUT\mda_math_translation_full61_20260530_053137\03_FINAL_READY\Unsorted\MDA-002-samuel-1900\HTML\MDA-002-samuel-1900.paper-grade.html,6769,
final/Unsorted/JSON,\\dlowenas\brain\apps\paper-intelligence-suite-python\OUTPUT\mda_math_translation_full61_20260530_053137\01_OUTBOX_REPORTS\MDA-002-samuel-1900.paper-grade.json,\\dlowenas\brain\apps\paper-intelligence-suite-python\OUTPUT\mda_math_translation_full61_20260530_053137\03_FINAL_READY\Unsorted\MDA-002-samuel-1900\JSON\MDA-002-samuel-1900.paper-grade.json,5489,
final/Unsorted/LOSSLESS_SUMMARY,\\dlowenas\brain\apps\paper-intelligence-suite-python\OUTPUT\mda_math_translation_full61_20260530_053137\01_OUTBOX_REPORTS\MDA-002-samuel-1900.paper-grade.json,\\dlowenas\brain\apps\paper-intelligence-suite-python\OUTPUT\mda_math_translation_full61_20260530_053137\03_FINAL_READY\Unsorted\MDA-002-samuel-1900\LOSSLESS_SUMMARY\MDA-002-samuel-1900.lossless-summary.md,4598,
final/Unsorted/HTML,\\dlowenas\brain\apps\paper-intelligence-suite-python\OUTPUT\mda_math_translation_full61_20260530_053137\01_OUTBOX_REPORTS\MDA-002-samuel-1900.paper-grade.json,\\dlowenas\brain\apps\paper-intelligence-suite-python\OUTPUT\mda_math_translation_full61_20260530_053137\03_FINAL_READY\Unsorted\MDA-002-samuel-1900\HTML\MDA-002-samuel-1900.paper-grade-dashboard.html,9044,rendered
final/Unsorted/EXCEL,\\dlowenas\brain\apps\paper-intelligence-suite-python\OUTPUT\mda_math_translation_full61_20260530_053137\01_OUTBOX_REPORTS\MDA-002-samuel-1900.paper-grade.json,\\dlowenas\brain\apps\paper-intelligence-suite-python\OUTPUT\mda_math_translation_full61_20260530_053137\03_FINAL_READY\Unsorted\MDA-002-samuel-1900\EXCEL\MDA-002-samuel-1900.paper-grade.review.xlsx,10772,rendered
final/Unsorted/MARKDOWN,\\dlowenas\brain\apps\paper-intelligence-suite-python\OUTPUT\mda_math_translation_full61_20260530_053137\01_OUTBOX_REPORTS\MDA-002-samuel-1900.paper-grade.md,\\dlowenas\brain\apps\paper-intelligence-suite-python\OUTPUT\mda_math_translation_full61_20260530_053137\03_FINAL_READY\Unsorted\MDA-002-samuel-1900\MARKDOWN\MDA-002-samuel-1900.paper-grade.md,1470,
final/Unsorted/EXCEL,\\dlowenas\brain\apps\paper-intelligence-suite-python\OUTPUT\mda_math_translation_full61_20260530_053137\01_OUTBOX_REPORTS\MDA-002-samuel-1900.paper-grade.xlsx,\\dlowenas\brain\apps\paper-intelligence-suite-python\OUTPUT\mda_math_translation_full61_20260530_053137\03_FINAL_READY\Unsorted\MDA-002-samuel-1900\EXCEL\MDA-002-samuel-1900.paper-grade.xlsx,6060,
final/Unsorted/CLAIMS,\\dlowenas\brain\apps\paper-intelligence-suite-python\OUTPUT\mda_math_translation_full61_20260530_053137\01_OUTBOX_REPORTS\MDA-003-measuring-moral-health.claim-audit.csv,\\dlowenas\brain\apps\paper-intelligence-suite-python\OUTPUT\mda_math_translation_full61_20260530_053137\03_FINAL_READY\Unsorted\MDA-003-measuring-moral-health\CLAIMS\MDA-003-measuring-moral-health.claim-audit.csv,2574,
html,\\dlowenas\brain\apps\paper-intelligence-suite-python\OUTPUT\mda_math_translation_full61_20260530_053137\01_OUTBOX_REPORTS\MDA-003-measuring-moral-health.paper-grade.html,\\dlowenas\brain\apps\paper-intelligence-suite-python\OUTPUT\mda_math_translation_full61_20260530_053137\02_HTML_OUTPUTS\MDA-003-measuring-moral-health.paper-grade.html,7216,
final/Unsorted/HTML,\\dlowenas\brain\apps\paper-intelligence-suite-python\OUTPUT\mda_math_translation_full61_20260530_053137\01_OUTBOX_REPORTS\MDA-003-measuring-moral-health.paper-grade.html,\\dlowenas\brain\apps\paper-intelligence-suite-python\OUTPUT\mda_math_translation_full61_20260530_053137\03_FINAL_READY\Unsorted\MDA-003-measuring-moral-health\HTML\MDA-003-measuring-moral-health.paper-grade.html,7216,
final/Unsorted/JSON,\\dlowenas\brain\apps\paper-intelligence-suite-python\OUTPUT\mda_math_translation_full61_20260530_053137\01_OUTBOX_REPORTS\MDA-003-measuring-moral-health.paper-grade.json,\\dlowenas\brain\apps\paper-intelligence-suite-python\OUTPUT\mda_math_translation_full61_20260530_053137\03_FINAL_READY\Unsorted\MDA-003-measuring-moral-health\JSON\MDA-003-measuring-moral-health.paper-grade.json,11168,
final/Unsorted/LOSSLESS_SUMMARY,\\dlowenas\brain\apps\paper-intelligence-suite-python\OUTPUT\mda_math_translation_full61_20260530_053137\01_OUTBOX_REPORTS\MDA-003-measuring-moral-health.paper-grade.json,\\dlowenas\brain\apps\paper-intelligence-suite-python\OUTPUT\mda_math_translation_full61_20260530_053137\03_FINAL_READY\Unsorted\MDA-003-measuring-moral-health\LOSSLESS_SUMMARY\MDA-003-measuring-moral-health.lossless-summary.md,9820,
final/Unsorted/HTML,\\dlowenas\brain\apps\paper-intelligence-suite-python\OUTPUT\mda_math_translation_full61_20260530_053137\01_OUTBOX_REPORTS\MDA-003-measuring-moral-health.paper-grade.json,\\dlowenas\brain\apps\paper-intelligence-suite-python\OUTPUT\mda_math_translation_full61_20260530_053137\03_FINAL_READY\Unsorted\MDA-003-measuring-moral-health\HTML\MDA-003-measuring-moral-health.paper-grade-dashboard.html,9593,rendered
final/Unsorted/EXCEL,\\dlowenas\brain\apps\paper-intelligence-suite-python\OUTPUT\mda_math_translation_full61_20260530_053137\01_OUTBOX_REPORTS\MDA-003-measuring-moral-health.paper-grade.json,\\dlowenas\brain\apps\paper-intelligence-suite-python\OUTPUT\mda_math_translation_full61_20260530_053137\03_FINAL_READY\Unsorted\MDA-003-measuring-moral-health\EXCEL\MDA-003-measuring-moral-health.paper-grade.review.xlsx,12249,rendered
final/Unsorted/MARKDOWN,\\dlowenas\brain\apps\paper-intelligence-suite-python\OUTPUT\mda_math_translation_full61_20260530_053137\01_OUTBOX_REPORTS\MDA-003-measuring-moral-health.paper-grade.md,\\dlowenas\brain\apps\paper-intelligence-suite-python\OUTPUT\mda_math_translation_full61_20260530_053137\03_FINAL_READY\Unsorted\MDA-003-measuring-moral-health\MARKDOWN\MDA-003-measuring-moral-health.paper-grade.md,2080,
final/Unsorted/EXCEL,\\dlowenas\brain\apps\paper-intelligence-suite-python\OUTPUT\mda_math_translation_full61_20260530_053137\01_OUTBOX_REPORTS\MDA-003-measuring-moral-health.paper-grade.xlsx,\\dlowenas\brain\apps\paper-intelligence-suite-python\OUTPUT\mda_math_translation_full61_20260530_053137\03_FINAL_READY\Unsorted\MDA-003-measuring-moral-health\EXCEL\MDA-003-measuring-moral-health.paper-grade.xlsx,7518,
final/Unsorted/CLAIMS,\\dlowenas\brain\apps\paper-intelligence-suite-python\OUTPUT\mda_math_translation_full61_20260530_053137\01_OUTBOX_REPORTS\MDA-004-facts-framework.claim-audit.csv,\\dlowenas\brain\apps\paper-intelligence-suite-python\OUTPUT\mda_math_translation_full61_20260530_053137\03_FINAL_READY\Unsorted\MDA-004-facts-framework\CLAIMS\MDA-004-facts-framework.claim-audit.csv,15650,
html,\\dlowenas\brain\apps\paper-intelligence-suite-python\OUTPUT\mda_math_translation_full61_20260530_053137\01_OUTBOX_REPORTS\MDA-004-facts-framework.paper-grade.html,\\dlowenas\brain\apps\paper-intelligence-suite-python\OUTPUT\mda_math_translation_full61_20260530_053137\02_HTML_OUTPUTS\MDA-004-facts-framework.paper-grade.html,14980,
final/Unsorted/HTML,\\dlowenas\brain\apps\paper-intelligence-suite-python\OUTPUT\mda_math_translation_full61_20260530_053137\01_OUTBOX_REPORTS\MDA-004-facts-framework.paper-grade.html,\\dlowenas\brain\apps\paper-intelligence-suite-python\OUTPUT\mda_math_translation_full61_20260530_053137\03_FINAL_READY\Unsorted\MDA-004-facts-framework\HTML\MDA-004-facts-framework.paper-grade.html,14980,
final/Unsorted/JSON,\\dlowenas\brain\apps\paper-intelligence-suite-python\OUTPUT\mda_math_translation_full61_20260530_053137\01_OUTBOX_REPORTS\MDA-004-facts-framework.paper-grade.json,\\dlowenas\brain\apps\paper-intelligence-suite-python\OUTPUT\mda_math_translation_full61_20260530_053137\03_FINAL_READY\Unsorted\MDA-004-facts-framework\JSON\MDA-004-facts-framework.paper-grade.json,49040,
final/Unsorted/LOSSLESS_SUMMARY,\\dlowenas\brain\apps\paper-intelligence-suite-python\OUTPUT\mda_math_translation_full61_20260530_053137\01_OUTBOX_REPORTS\MDA-004-facts-framework.paper-grade.json,\\dlowenas\brain\apps\paper-intelligence-suite-python\OUTPUT\mda_math_translation_full61_20260530_053137\03_FINAL_READY\Unsorted\MDA-004-facts-framework\LOSSLESS_SUMMARY\MDA-004-facts-framework.lossless-summary.md,41935,
final/Unsorted/HTML,\\dlowenas\brain\apps\paper-intelligence-suite-python\OUTPUT\mda_math_translation_full61_20260530_053137\01_OUTBOX_REPORTS\MDA-004-facts-framework.paper-grade.json,\\dlowenas\brain\apps\paper-intelligence-suite-python\OUTPUT\mda_math_translation_full61_20260530_053137\03_FINAL_READY\Unsorted\MDA-004-facts-framework\HTML\MDA-004-facts-framework.paper-grade-dashboard.html,18487,rendered
final/Unsorted/EXCEL,\\dlowenas\brain\apps\paper-intelligence-suite-python\OUTPUT\mda_math_translation_full61_20260530_053137\01_OUTBOX_REPORTS\MDA-004-facts-framework.paper-grade.json,\\dlowenas\brain\apps\paper-intelligence-suite-python\OUTPUT\mda_math_translation_full61_20260530_053137\03_FINAL_READY\Unsorted\MDA-004-facts-framework\EXCEL\MDA-004-facts-framework.paper-grade.review.xlsx,21860,rendered
final/Unsorted/MARKDOWN,\\dlowenas\brain\apps\paper-intelligence-suite-python\OUTPUT\mda_math_translation_full61_20260530_053137\01_OUTBOX_REPORTS\MDA-004-facts-framework.paper-grade.md,\\dlowenas\brain\apps\paper-intelligence-suite-python\OUTPUT\mda_math_translation_full61_20260530_053137\03_FINAL_READY\Unsorted\MDA-004-facts-framework\MARKDOWN\MDA-004-facts-framework.paper-grade.md,12078,
final/Unsorted/EXCEL,\\dlowenas\brain\apps\paper-intelligence-suite-python\OUTPUT\mda_math_translation_full61_20260530_053137\01_OUTBOX_REPORTS\MDA-004-facts-framework.paper-grade.xlsx,\\dlowenas\brain\apps\paper-intelligence-suite-python\OUTPUT\mda_math_translation_full61_20260530_053137\03_FINAL_READY\Unsorted\MDA-004-facts-framework\EXCEL\MDA-004-facts-framework.paper-grade.xlsx,17030,
final/Unsorted/CLAIMS,\\dlowenas\brain\apps\paper-intelligence-suite-python\OUTPUT\mda_math_translation_full61_20260530_053137\01_OUTBOX_REPORTS\MDA-005-empirical-evidence.claim-audit.csv,\\dlowenas\brain\apps\paper-intelligence-suite-python\OUTPUT\mda_math_translation_full61_20260530_053137\03_FINAL_READY\Unsorted\MDA-005-empirical-evidence\CLAIMS\MDA-005-empirical-evidence.claim-audit.csv,3233,
html,\\dlowenas\brain\apps\paper-intelligence-suite-python\OUTPUT\mda_math_translation_full61_20260530_053137\01_OUTBOX_REPORTS\MDA-005-empirical-evidence.paper-grade.html,\\dlowenas\brain\apps\paper-intelligence-suite-python\OUTPUT\mda_math_translation_full61_20260530_053137\02_HTML_OUTPUTS\MDA-005-empirical-evidence.paper-grade.html,7604,
final/Unsorted/HTML,\\dlowenas\brain\apps\paper-intelligence-suite-python\OUTPUT\mda_math_translation_full61_20260530_053137\01_OUTBOX_REPORTS\MDA-005-empirical-evidence.paper-grade.html,\\dlowenas\brain\apps\paper-intelligence-suite-python\OUTPUT\mda_math_translation_full61_20260530_053137\03_FINAL_READY\Unsorted\MDA-005-empirical-evidence\HTML\MDA-005-empirical-evidence.paper-grade.html,7604,
final/Unsorted/JSON,\\dlowenas\brain\apps\paper-intelligence-suite-python\OUTPUT\mda_math_translation_full61_20260530_053137\01_OUTBOX_REPORTS\MDA-005-empirical-evidence.paper-grade.json,\\dlowenas\brain\apps\paper-intelligence-suite-python\OUTPUT\mda_math_translation_full61_20260530_053137\03_FINAL_READY\Unsorted\MDA-005-empirical-evidence\JSON\MDA-005-empirical-evidence.paper-grade.json,15750,
final/Unsorted/LOSSLESS_SUMMARY,\\dlowenas\brain\apps\paper-intelligence-suite-python\OUTPUT\mda_math_translation_full61_20260530_053137\01_OUTBOX_REPORTS\MDA-005-empirical-evidence.paper-grade.json,\\dlowenas\brain\apps\paper-intelligence-suite-python\OUTPUT\mda_math_translation_full61_20260530_053137\03_FINAL_READY\Unsorted\MDA-005-empirical-evidence\LOSSLESS_SUMMARY\MDA-005-empirical-evidence.lossless-summary.md,13685,
final/Unsorted/HTML,\\dlowenas\brain\apps\paper-intelligence-suite-python\OUTPUT\mda_math_translation_full61_20260530_053137\01_OUTBOX_REPORTS\MDA-005-empirical-evidence.paper-grade.json,\\dlowenas\brain\apps\paper-intelligence-suite-python\OUTPUT\mda_math_translation_full61_20260530_053137\03_FINAL_READY\Unsorted\MDA-005-empirical-evidence\HTML\MDA-005-empirical-evidence.paper-grade-dashboard.html,10113,rendered
final/Unsorted/EXCEL,\\dlowenas\brain\apps\paper-intelligence-suite-python\OUTPUT\mda_math_translation_full61_20260530_053137\01_OUTBOX_REPORTS\MDA-005-empirical-evidence.paper-grade.json,\\dlowenas\brain\apps\paper-intelligence-suite-python\OUTPUT\mda_math_translation_full61_20260530_053137\03_FINAL_READY\Unsorted\MDA-005-empirical-evidence\EXCEL\MDA-005-empirical-evidence.paper-grade.review.xlsx,13367,rendered
final/Unsorted/MARKDOWN,\\dlowenas\brain\apps\paper-intelligence-suite-python\OUTPUT\mda_math_translation_full61_20260530_053137\01_OUTBOX_REPORTS\MDA-005-empirical-evidence.paper-grade.md,\\dlowenas\brain\apps\paper-intelligence-suite-python\OUTPUT\mda_math_translation_full61_20260530_053137\03_FINAL_READY\Unsorted\MDA-005-empirical-evidence\MARKDOWN\MDA-005-empirical-evidence.paper-grade.md,2642,
final/Unsorted/EXCEL,\\dlowenas\brain\apps\paper-intelligence-suite-python\OUTPUT\mda_math_translation_full61_20260530_053137\01_OUTBOX_REPORTS\MDA-005-empirical-evidence.paper-grade.xlsx,\\dlowenas\brain\apps\paper-intelligence-suite-python\OUTPUT\mda_math_translation_full61_20260530_053137\03_FINAL_READY\Unsorted\MDA-005-empirical-evidence\EXCEL\MDA-005-empirical-evidence.paper-grade.xlsx,8591,
final/Unsorted/CLAIMS,\\dlowenas\brain\apps\paper-intelligence-suite-python\OUTPUT\mda_math_translation_full61_20260530_053137\01_OUTBOX_REPORTS\MDA-006-research-method.claim-audit.csv,\\dlowenas\brain\apps\paper-intelligence-suite-python\OUTPUT\mda_math_translation_full61_20260530_053137\03_FINAL_READY\Unsorted\MDA-006-research-method\CLAIMS\MDA-006-research-method.claim-audit.csv,5678,
html,\\dlowenas\brain\apps\paper-intelligence-suite-python\OUTPUT\mda_math_translation_full61_20260530_053137\01_OUTBOX_REPORTS\MDA-006-research-method.paper-grade.html,\\dlowenas\brain\apps\paper-intelligence-suite-python\OUTPUT\mda_math_translation_full61_20260530_053137\02_HTML_OUTPUTS\MDA-006-research-method.paper-grade.html,8995,
final/Unsorted/HTML,\\dlowenas\brain\apps\paper-intelligence-suite-python\OUTPUT\mda_math_translation_full61_20260530_053137\01_OUTBOX_REPORTS\MDA-006-research-method.paper-grade.html,\\dlowenas\brain\apps\paper-intelligence-suite-python\OUTPUT\mda_math_translation_full61_20260530_053137\03_FINAL_READY\Unsorted\MDA-006-research-method\HTML\MDA-006-research-method.paper-grade.html,8995,
final/Unsorted/JSON,\\dlowenas\brain\apps\paper-intelligence-suite-python\OUTPUT\mda_math_translation_full61_20260530_053137\01_OUTBOX_REPORTS\MDA-006-research-method.paper-grade.json,\\dlowenas\brain\apps\paper-intelligence-suite-python\OUTPUT\mda_math_translation_full61_20260530_053137\03_FINAL_READY\Unsorted\MDA-006-research-method\JSON\MDA-006-research-method.paper-grade.json,18387,
final/Unsorted/LOSSLESS_SUMMARY,\\dlowenas\brain\apps\paper-intelligence-suite-python\OUTPUT\mda_math_translation_full61_20260530_053137\01_OUTBOX_REPORTS\MDA-006-research-method.paper-grade.json,\\dlowenas\brain\apps\paper-intelligence-suite-python\OUTPUT\mda_math_translation_full61_20260530_053137\03_FINAL_READY\Unsorted\MDA-006-research-method\LOSSLESS_SUMMARY\MDA-006-research-method.lossless-summary.md,15847,
final/Unsorted/HTML,\\dlowenas\brain\apps\paper-intelligence-suite-python\OUTPUT\mda_math_translation_full61_20260530_053137\01_OUTBOX_REPORTS\MDA-006-research-method.paper-grade.json,\\dlowenas\brain\apps\paper-intelligence-suite-python\OUTPUT\mda_math_translation_full61_20260530_053137\03_FINAL_READY\Unsorted\MDA-006-research-method\HTML\MDA-006-research-method.paper-grade-dashboard.html,11678,rendered
final/Unsorted/EXCEL,\\dlowenas\brain\apps\paper-intelligence-suite-python\OUTPUT\mda_math_translation_full61_20260530_053137\01_OUTBOX_REPORTS\MDA-006-research-method.paper-grade.json,\\dlowenas\brain\apps\paper-intelligence-suite-python\OUTPUT\mda_math_translation_full61_20260530_053137\03_FINAL_READY\Unsorted\MDA-006-research-method\EXCEL\MDA-006-research-method.paper-grade.review.xlsx,13580,rendered
final/Unsorted/MARKDOWN,\\dlowenas\brain\apps\paper-intelligence-suite-python\OUTPUT\mda_math_translation_full61_20260530_053137\01_OUTBOX_REPORTS\MDA-006-research-method.paper-grade.md,\\dlowenas\brain\apps\paper-intelligence-suite-python\OUTPUT\mda_math_translation_full61_20260530_053137\03_FINAL_READY\Unsorted\MDA-006-research-method\MARKDOWN\MDA-006-research-method.paper-grade.md,4452,
final/Unsorted/EXCEL,\\dlowenas\brain\apps\paper-intelligence-suite-python\OUTPUT\mda_math_translation_full61_20260530_053137\01_OUTBOX_REPORTS\MDA-006-research-method.paper-grade.xlsx,\\dlowenas\brain\apps\paper-intelligence-suite-python\OUTPUT\mda_math_translation_full61_20260530_053137\03_FINAL_READY\Unsorted\MDA-006-research-method\EXCEL\MDA-006-research-method.paper-grade.xlsx,8868,
final/Unsorted/CLAIMS,\\dlowenas\brain\apps\paper-intelligence-suite-python\OUTPUT\mda_math_translation_full61_20260530_053137\01_OUTBOX_REPORTS\MDA-007-nine-domains.claim-audit.csv,\\dlowenas\brain\apps\paper-intelligence-suite-python\OUTPUT\mda_math_translation_full61_20260530_053137\03_FINAL_READY\Unsorted\MDA-007-nine-domains\CLAIMS\MDA-007-nine-domains.claim-audit.csv,2620,
html,\\dlowenas\brain\apps\paper-intelligence-suite-python\OUTPUT\mda_math_translation_full61_20260530_053137\01_OUTBOX_REPORTS\MDA-007-nine-domains.paper-grade.html,\\dlowenas\brain\apps\paper-intelligence-suite-python\OUTPUT\mda_math_translation_full61_20260530_053137\02_HTML_OUTPUTS\MDA-007-nine-domains.paper-grade.html,7231,
final/Unsorted/HTML,\\dlowenas\brain\apps\paper-intelligence-suite-python\OUTPUT\mda_math_translation_full61_20260530_053137\01_OUTBOX_REPORTS\MDA-007-nine-domains.paper-grade.html,\\dlowenas\brain\apps\paper-intelligence-suite-python\OUTPUT\mda_math_translation_full61_20260530_053137\03_FINAL_READY\Unsorted\MDA-007-nine-domains\HTML\MDA-007-nine-domains.paper-grade.html,7231,
final/Unsorted/JSON,\\dlowenas\brain\apps\paper-intelligence-suite-python\OUTPUT\mda_math_translation_full61_20260530_053137\01_OUTBOX_REPORTS\MDA-007-nine-domains.paper-grade.json,\\dlowenas\brain\apps\paper-intelligence-suite-python\OUTPUT\mda_math_translation_full61_20260530_053137\03_FINAL_READY\Unsorted\MDA-007-nine-domains\JSON\MDA-007-nine-domains.paper-grade.json,14413,
final/Unsorted/LOSSLESS_SUMMARY,\\dlowenas\brain\apps\paper-intelligence-suite-python\OUTPUT\mda_math_translation_full61_20260530_053137\01_OUTBOX_REPORTS\MDA-007-nine-domains.paper-grade.json,\\dlowenas\brain\apps\paper-intelligence-suite-python\OUTPUT\mda_math_translation_full61_20260530_053137\03_FINAL_READY\Unsorted\MDA-007-nine-domains\LOSSLESS_SUMMARY\MDA-007-nine-domains.lossless-summary.md,12325,
final/Unsorted/HTML,\\dlowenas\brain\apps\paper-intelligence-suite-python\OUTPUT\mda_math_translation_full61_20260530_053137\01_OUTBOX_REPORTS\MDA-007-nine-domains.paper-grade.json,\\dlowenas\brain\apps\paper-intelligence-suite-python\OUTPUT\mda_math_translation_full61_20260530_053137\03_FINAL_READY\Unsorted\MDA-007-nine-domains\HTML\MDA-007-nine-domains.paper-grade-dashboard.html,9642,rendered
final/Unsorted/EXCEL,\\dlowenas\brain\apps\paper-intelligence-suite-python\OUTPUT\mda_math_translation_full61_20260530_053137\01_OUTBOX_REPORTS\MDA-007-nine-domains.paper-grade.json,\\dlowenas\brain\apps\paper-intelligence-suite-python\OUTPUT\mda_math_translation_full61_20260530_053137\03_FINAL_READY\Unsorted\MDA-007-nine-domains\EXCEL\MDA-007-nine-domains.paper-grade.review.xlsx,13860,rendered
final/Unsorted/MARKDOWN,\\dlowenas\brain\apps\paper-intelligence-suite-python\OUTPUT\mda_math_translation_full61_20260530_053137\01_OUTBOX_REPORTS\MDA-007-nine-domains.paper-grade.md,\\dlowenas\brain\apps\paper-intelligence-suite-python\OUTPUT\mda_math_translation_full61_20260530_053137\03_FINAL_READY\Unsorted\MDA-007-nine-domains\MARKDOWN\MDA-007-nine-domains.paper-grade.md,2095,
final/Unsorted/EXCEL,\\dlowenas\brain\apps\paper-intelligence-suite-python\OUTPUT\mda_math_translation_full61_20260530_053137\01_OUTBOX_REPORTS\MDA-007-nine-domains.paper-grade.xlsx,\\dlowenas\brain\apps\paper-intelligence-suite-python\OUTPUT\mda_math_translation_full61_20260530_053137\03_FINAL_READY\Unsorted\MDA-007-nine-domains\EXCEL\MDA-007-nine-domains.paper-grade.xlsx,9111,
final/Unsorted/CLAIMS,\\dlowenas\brain\apps\paper-intelligence-suite-python\OUTPUT\mda_math_translation_full61_20260530_053137\01_OUTBOX_REPORTS\MDA-008-henry-1926.claim-audit.csv,\\dlowenas\brain\apps\paper-intelligence-suite-python\OUTPUT\mda_math_translation_full61_20260530_053137\03_FINAL_READY\Unsorted\MDA-008-henry-1926\CLAIMS\MDA-008-henry-1926.claim-audit.csv,6524,
html,\\dlowenas\brain\apps\paper-intelligence-suite-python\OUTPUT\mda_math_translation_full61_20260530_053137\01_OUTBOX_REPORTS\MDA-008-henry-1926.paper-grade.html,\\dlowenas\brain\apps\paper-intelligence-suite-python\OUTPUT\mda_math_translation_full61_20260530_053137\02_HTML_OUTPUTS\MDA-008-henry-1926.paper-grade.html,9463,
final/Unsorted/HTML,\\dlowenas\brain\apps\paper-intelligence-suite-python\OUTPUT\mda_math_translation_full61_20260530_053137\01_OUTBOX_REPORTS\MDA-008-henry-1926.paper-grade.html,\\dlowenas\brain\apps\paper-intelligence-suite-python\OUTPUT\mda_math_translation_full61_20260530_053137\03_FINAL_READY\Unsorted\MDA-008-henry-1926\HTML\MDA-008-henry-1926.paper-grade.html,9463,
final/Unsorted/JSON,\\dlowenas\brain\apps\paper-intelligence-suite-python\OUTPUT\mda_math_translation_full61_20260530_053137\01_OUTBOX_REPORTS\MDA-008-henry-1926.paper-grade.json,\\dlowenas\brain\apps\paper-intelligence-suite-python\OUTPUT\mda_math_translation_full61_20260530_053137\03_FINAL_READY\Unsorted\MDA-008-henry-1926\JSON\MDA-008-henry-1926.paper-grade.json,34388,
final/Unsorted/LOSSLESS_SUMMARY,\\dlowenas\brain\apps\paper-intelligence-suite-python\OUTPUT\mda_math_translation_full61_20260530_053137\01_OUTBOX_REPORTS\MDA-008-henry-1926.paper-grade.json,\\dlowenas\brain\apps\paper-intelligence-suite-python\OUTPUT\mda_math_translation_full61_20260530_053137\03_FINAL_READY\Unsorted\MDA-008-henry-1926\LOSSLESS_SUMMARY\MDA-008-henry-1926.lossless-summary.md,28828,
final/Unsorted/HTML,\\dlowenas\brain\apps\paper-intelligence-suite-python\OUTPUT\mda_math_translation_full61_20260530_053137\01_OUTBOX_REPORTS\MDA-008-henry-1926.paper-grade.json,\\dlowenas\brain\apps\paper-intelligence-suite-python\OUTPUT\mda_math_translation_full61_20260530_053137\03_FINAL_READY\Unsorted\MDA-008-henry-1926\HTML\MDA-008-henry-1926.paper-grade-dashboard.html,12332,rendered
final/Unsorted/EXCEL,\\dlowenas\brain\apps\paper-intelligence-suite-python\OUTPUT\mda_math_translation_full61_20260530_053137\01_OUTBOX_REPORTS\MDA-008-henry-1926.paper-grade.json,\\dlowenas\brain\apps\paper-intelligence-suite-python\OUTPUT\mda_math_translation_full61_20260530_053137\03_FINAL_READY\Unsorted\MDA-008-henry-1926\EXCEL\MDA-008-henry-1926.paper-grade.review.xlsx,15033,rendered
final/Unsorted/MARKDOWN,\\dlowenas\brain\apps\paper-intelligence-suite-python\OUTPUT\mda_math_translation_full61_20260530_053137\01_OUTBOX_REPORTS\MDA-008-henry-1926.paper-grade.md,\\dlowenas\brain\apps\paper-intelligence-suite-python\OUTPUT\mda_math_translation_full61_20260530_053137\03_FINAL_READY\Unsorted\MDA-008-henry-1926\MARKDOWN\MDA-008-henry-1926.paper-grade.md,5099,
final/Unsorted/EXCEL,\\dlowenas\brain\apps\paper-intelligence-suite-python\OUTPUT\mda_math_translation_full61_20260530_053137\01_OUTBOX_REPORTS\MDA-008-henry-1926.paper-grade.xlsx,\\dlowenas\brain\apps\paper-intelligence-suite-python\OUTPUT\mda_math_translation_full61_20260530_053137\03_FINAL_READY\Unsorted\MDA-008-henry-1926\EXCEL\MDA-008-henry-1926.paper-grade.xlsx,10213,
final/Unsorted/CLAIMS,\\dlowenas\brain\apps\paper-intelligence-suite-python\OUTPUT\mda_math_translation_full61_20260530_053137\01_OUTBOX_REPORTS\MDA-009-the-1900-baseline.claim-audit.csv,\\dlowenas\brain\apps\paper-intelligence-suite-python\OUTPUT\mda_math_translation_full61_20260530_053137\03_FINAL_READY\Unsorted\MDA-009-the-1900-baseline\CLAIMS\MDA-009-the-1900-baseline.claim-audit.csv,5581,
html,\\dlowenas\brain\apps\paper-intelligence-suite-python\OUTPUT\mda_math_translation_full61_20260530_053137\01_OUTBOX_REPORTS\MDA-009-the-1900-baseline.paper-grade.html,\\dlowenas\brain\apps\paper-intelligence-suite-python\OUTPUT\mda_math_translation_full61_20260530_053137\02_HTML_OUTPUTS\MDA-009-the-1900-baseline.paper-grade.html,8716,
final/Unsorted/HTML,\\dlowenas\brain\apps\paper-intelligence-suite-python\OUTPUT\mda_math_translation_full61_20260530_053137\01_OUTBOX_REPORTS\MDA-009-the-1900-baseline.paper-grade.html,\\dlowenas\brain\apps\paper-intelligence-suite-python\OUTPUT\mda_math_translation_full61_20260530_053137\03_FINAL_READY\Unsorted\MDA-009-the-1900-baseline\HTML\MDA-009-the-1900-baseline.paper-grade.html,8716,
final/Unsorted/JSON,\\dlowenas\brain\apps\paper-intelligence-suite-python\OUTPUT\mda_math_translation_full61_20260530_053137\01_OUTBOX_REPORTS\MDA-009-the-1900-baseline.paper-grade.json,\\dlowenas\brain\apps\paper-intelligence-suite-python\OUTPUT\mda_math_translation_full61_20260530_053137\03_FINAL_READY\Unsorted\MDA-009-the-1900-baseline\JSON\MDA-009-the-1900-baseline.paper-grade.json,20619,
final/Unsorted/LOSSLESS_SUMMARY,\\dlowenas\brain\apps\paper-intelligence-suite-python\OUTPUT\mda_math_translation_full61_20260530_053137\01_OUTBOX_REPORTS\MDA-009-the-1900-baseline.paper-grade.json,\\dlowenas\brain\apps\paper-intelligence-suite-python\OUTPUT\mda_math_translation_full61_20260530_053137\03_FINAL_READY\Unsorted\MDA-009-the-1900-baseline\LOSSLESS_SUMMARY\MDA-009-the-1900-baseline.lossless-summary.md,17352,
final/Unsorted/HTML,\\dlowenas\brain\apps\paper-intelligence-suite-python\OUTPUT\mda_math_translation_full61_20260530_053137\01_OUTBOX_REPORTS\MDA-009-the-1900-baseline.paper-grade.json,\\dlowenas\brain\apps\paper-intelligence-suite-python\OUTPUT\mda_math_translation_full61_20260530_053137\03_FINAL_READY\Unsorted\MDA-009-the-1900-baseline\HTML\MDA-009-the-1900-baseline.paper-grade-dashboard.html,11335,rendered
final/Unsorted/EXCEL,\\dlowenas\brain\apps\paper-intelligence-suite-python\OUTPUT\mda_math_translation_full61_20260530_053137\01_OUTBOX_REPORTS\MDA-009-the-1900-baseline.paper-grade.json,\\dlowenas\brain\apps\paper-intelligence-suite-python\OUTPUT\mda_math_translation_full61_20260530_053137\03_FINAL_READY\Unsorted\MDA-009-the-1900-baseline\EXCEL\MDA-009-the-1900-baseline.paper-grade.review.xlsx,15275,rendered
final/Unsorted/MARKDOWN,\\dlowenas\brain\apps\paper-intelligence-suite-python\OUTPUT\mda_math_translation_full61_20260530_053137\01_OUTBOX_REPORTS\MDA-009-the-1900-baseline.paper-grade.md,\\dlowenas\brain\apps\paper-intelligence-suite-python\OUTPUT\mda_math_translation_full61_20260530_053137\03_FINAL_READY\Unsorted\MDA-009-the-1900-baseline\MARKDOWN\MDA-009-the-1900-baseline.paper-grade.md,4214,
final/Unsorted/EXCEL,\\dlowenas\brain\apps\paper-intelligence-suite-python\OUTPUT\mda_math_translation_full61_20260530_053137\01_OUTBOX_REPORTS\MDA-009-the-1900-baseline.paper-grade.xlsx,\\dlowenas\brain\apps\paper-intelligence-suite-python\OUTPUT\mda_math_translation_full61_20260530_053137\03_FINAL_READY\Unsorted\MDA-009-the-1900-baseline\EXCEL\MDA-009-the-1900-baseline.paper-grade.xlsx,10514,
final/Unsorted/CLAIMS,\\dlowenas\brain\apps\paper-intelligence-suite-python\OUTPUT\mda_math_translation_full61_20260530_053137\01_OUTBOX_REPORTS\MDA-010-pre-modern-baseline.claim-audit.csv,\\dlowenas\brain\apps\paper-intelligence-suite-python\OUTPUT\mda_math_translation_full61_20260530_053137\03_FINAL_READY\Unsorted\MDA-010-pre-modern-baseline\CLAIMS\MDA-010-pre-modern-baseline.claim-audit.csv,7047,
html,\\dlowenas\brain\apps\paper-intelligence-suite-python\OUTPUT\mda_math_translation_full61_20260530_053137\01_OUTBOX_REPORTS\MDA-010-pre-modern-baseline.paper-grade.html,\\dlowenas\brain\apps\paper-intelligence-suite-python\OUTPUT\mda_math_translation_full61_20260530_053137\02_HTML_OUTPUTS\MDA-010-pre-modern-baseline.paper-grade.html,10293,
final/Unsorted/HTML,\\dlowenas\brain\apps\paper-intelligence-suite-python\OUTPUT\mda_math_translation_full61_20260530_053137\01_OUTBOX_REPORTS\MDA-010-pre-modern-baseline.paper-grade.html,\\dlowenas\brain\apps\paper-intelligence-suite-python\OUTPUT\mda_math_translation_full61_20260530_053137\03_FINAL_READY\Unsorted\MDA-010-pre-modern-baseline\HTML\MDA-010-pre-modern-baseline.paper-grade.html,10293,
final/Unsorted/JSON,\\dlowenas\brain\apps\paper-intelligence-suite-python\OUTPUT\mda_math_translation_full61_20260530_053137\01_OUTBOX_REPORTS\MDA-010-pre-modern-baseline.paper-grade.json,\\dlowenas\brain\apps\paper-intelligence-suite-python\OUTPUT\mda_math_translation_full61_20260530_053137\03_FINAL_READY\Unsorted\MDA-010-pre-modern-baseline\JSON\MDA-010-pre-modern-baseline.paper-grade.json,39809,
final/Unsorted/LOSSLESS_SUMMARY,\\dlowenas\brain\apps\paper-intelligence-suite-python\OUTPUT\mda_math_translation_full61_20260530_053137\01_OUTBOX_REPORTS\MDA-010-pre-modern-baseline.paper-grade.json,\\dlowenas\brain\apps\paper-intelligence-suite-python\OUTPUT\mda_math_translation_full61_20260530_053137\03_FINAL_READY\Unsorted\MDA-010-pre-modern-baseline\LOSSLESS_SUMMARY\MDA-010-pre-modern-baseline.lossless-summary.md,36650,
final/Unsorted/HTML,\\dlowenas\brain\apps\paper-intelligence-suite-python\OUTPUT\mda_math_translation_full61_20260530_053137\01_OUTBOX_REPORTS\MDA-010-pre-modern-baseline.paper-grade.json,\\dlowenas\brain\apps\paper-intelligence-suite-python\OUTPUT\mda_math_translation_full61_20260530_053137\03_FINAL_READY\Unsorted\MDA-010-pre-modern-baseline\HTML\MDA-010-pre-modern-baseline.paper-grade-dashboard.html,13054,rendered
final/Unsorted/EXCEL,\\dlowenas\brain\apps\paper-intelligence-suite-python\OUTPUT\mda_math_translation_full61_20260530_053137\01_OUTBOX_REPORTS\MDA-010-pre-modern-baseline.paper-grade.json,\\dlowenas\brain\apps\paper-intelligence-suite-python\OUTPUT\mda_math_translation_full61_20260530_053137\03_FINAL_READY\Unsorted\MDA-010-pre-modern-baseline\EXCEL\MDA-010-pre-modern-baseline.paper-grade.review.xlsx,17273,rendered
final/Unsorted/MARKDOWN,\\dlowenas\brain\apps\paper-intelligence-suite-python\OUTPUT\mda_math_translation_full61_20260530_053137\01_OUTBOX_REPORTS\MDA-010-pre-modern-baseline.paper-grade.md,\\dlowenas\brain\apps\paper-intelligence-suite-python\OUTPUT\mda_math_translation_full61_20260530_053137\03_FINAL_READY\Unsorted\MDA-010-pre-modern-baseline\MARKDOWN\MDA-010-pre-modern-baseline.paper-grade.md,5744,
final/Unsorted/EXCEL,\\dlowenas\brain\apps\paper-intelligence-suite-python\OUTPUT\mda_math_translation_full61_20260530_053137\01_OUTBOX_REPORTS\MDA-010-pre-modern-baseline.paper-grade.xlsx,\\dlowenas\brain\apps\paper-intelligence-suite-python\OUTPUT\mda_math_translation_full61_20260530_053137\03_FINAL_READY\Unsorted\MDA-010-pre-modern-baseline\EXCEL\MDA-010-pre-modern-baseline.paper-grade.xlsx,12476,
final/Unsorted/CLAIMS,\\dlowenas\brain\apps\paper-intelligence-suite-python\OUTPUT\mda_math_translation_full61_20260530_053137\01_OUTBOX_REPORTS\MDA-011-collective-security-1930.claim-audit.csv,\\dlowenas\brain\apps\paper-intelligence-suite-python\OUTPUT\mda_math_translation_full61_20260530_053137\03_FINAL_READY\Unsorted\MDA-011-collective-security-1930\CLAIMS\MDA-011-collective-security-1930.claim-audit.csv,1887,
html,\\dlowenas\brain\apps\paper-intelligence-suite-python\OUTPUT\mda_math_translation_full61_20260530_053137\01_OUTBOX_REPORTS\MDA-011-collective-security-1930.paper-grade.html,\\dlowenas\brain\apps\paper-intelligence-suite-python\OUTPUT\mda_math_translation_full61_20260530_053137\02_HTML_OUTPUTS\MDA-011-collective-security-1930.paper-grade.html,6967,
final/Unsorted/HTML,\\dlowenas\brain\apps\paper-intelligence-suite-python\OUTPUT\mda_math_translation_full61_20260530_053137\01_OUTBOX_REPORTS\MDA-011-collective-security-1930.paper-grade.html,\\dlowenas\brain\apps\paper-intelligence-suite-python\OUTPUT\mda_math_translation_full61_20260530_053137\03_FINAL_READY\Unsorted\MDA-011-collective-security-1930\HTML\MDA-011-collective-security-1930.paper-grade.html,6967,
final/Unsorted/JSON,\\dlowenas\brain\apps\paper-intelligence-suite-python\OUTPUT\mda_math_translation_full61_20260530_053137\01_OUTBOX_REPORTS\MDA-011-collective-security-1930.paper-grade.json,\\dlowenas\brain\apps\paper-intelligence-suite-python\OUTPUT\mda_math_translation_full61_20260530_053137\03_FINAL_READY\Unsorted\MDA-011-collective-security-1930\JSON\MDA-011-collective-security-1930.paper-grade.json,18726,
final/Unsorted/LOSSLESS_SUMMARY,\\dlowenas\brain\apps\paper-intelligence-suite-python\OUTPUT\mda_math_translation_full61_20260530_053137\01_OUTBOX_REPORTS\MDA-011-collective-security-1930.paper-grade.json,\\dlowenas\brain\apps\paper-intelligence-suite-python\OUTPUT\mda_math_translation_full61_20260530_053137\03_FINAL_READY\Unsorted\MDA-011-collective-security-1930\LOSSLESS_SUMMARY\MDA-011-collective-security-1930.lossless-summary.md,16099,
final/Unsorted/HTML,\\dlowenas\brain\apps\paper-intelligence-suite-python\OUTPUT\mda_math_translation_full61_20260530_053137\01_OUTBOX_REPORTS\MDA-011-collective-security-1930.paper-grade.json,\\dlowenas\brain\apps\paper-intelligence-suite-python\OUTPUT\mda_math_translation_full61_20260530_053137\03_FINAL_READY\Unsorted\MDA-011-collective-security-1930\HTML\MDA-011-collective-security-1930.paper-grade-dashboard.html,9326,rendered
final/Unsorted/EXCEL,\\dlowenas\brain\apps\paper-intelligence-suite-python\OUTPUT\mda_math_translation_full61_20260530_053137\01_OUTBOX_REPORTS\MDA-011-collective-security-1930.paper-grade.json,\\dlowenas\brain\apps\paper-intelligence-suite-python\OUTPUT\mda_math_translation_full61_20260530_053137\03_FINAL_READY\Unsorted\MDA-011-collective-security-1930\EXCEL\MDA-011-collective-security-1930.paper-grade.review.xlsx,14686,rendered
final/Unsorted/MARKDOWN,\\dlowenas\brain\apps\paper-intelligence-suite-python\OUTPUT\mda_math_translation_full61_20260530_053137\01_OUTBOX_REPORTS\MDA-011-collective-security-1930.paper-grade.md,\\dlowenas\brain\apps\paper-intelligence-suite-python\OUTPUT\mda_math_translation_full61_20260530_053137\03_FINAL_READY\Unsorted\MDA-011-collective-security-1930\MARKDOWN\MDA-011-collective-security-1930.paper-grade.md,1674,
final/Unsorted/EXCEL,\\dlowenas\brain\apps\paper-intelligence-suite-python\OUTPUT\mda_math_translation_full61_20260530_053137\01_OUTBOX_REPORTS\MDA-011-collective-security-1930.paper-grade.xlsx,\\dlowenas\brain\apps\paper-intelligence-suite-python\OUTPUT\mda_math_translation_full61_20260530_053137\03_FINAL_READY\Unsorted\MDA-011-collective-security-1930\EXCEL\MDA-011-collective-security-1930.paper-grade.xlsx,9921,
final/Unsorted/CLAIMS,\\dlowenas\brain\apps\paper-intelligence-suite-python\OUTPUT\mda_math_translation_full61_20260530_053137\01_OUTBOX_REPORTS\MDA-012-william-1950.claim-audit.csv,\\dlowenas\brain\apps\paper-intelligence-suite-python\OUTPUT\mda_math_translation_full61_20260530_053137\03_FINAL_READY\Unsorted\MDA-012-william-1950\CLAIMS\MDA-012-william-1950.claim-audit.csv,5027,
html,\\dlowenas\brain\apps\paper-intelligence-suite-python\OUTPUT\mda_math_translation_full61_20260530_053137\01_OUTBOX_REPORTS\MDA-012-william-1950.paper-grade.html,\\dlowenas\brain\apps\paper-intelligence-suite-python\OUTPUT\mda_math_translation_full61_20260530_053137\02_HTML_OUTPUTS\MDA-012-william-1950.paper-grade.html,8576,
final/Unsorted/HTML,\\dlowenas\brain\apps\paper-intelligence-suite-python\OUTPUT\mda_math_translation_full61_20260530_053137\01_OUTBOX_REPORTS\MDA-012-william-1950.paper-grade.html,\\dlowenas\brain\apps\paper-intelligence-suite-python\OUTPUT\mda_math_translation_full61_20260530_053137\03_FINAL_READY\Unsorted\MDA-012-william-1950\HTML\MDA-012-william-1950.paper-grade.html,8576,
final/Unsorted/JSON,\\dlowenas\brain\apps\paper-intelligence-suite-python\OUTPUT\mda_math_translation_full61_20260530_053137\01_OUTBOX_REPORTS\MDA-012-william-1950.paper-grade.json,\\dlowenas\brain\apps\paper-intelligence-suite-python\OUTPUT\mda_math_translation_full61_20260530_053137\03_FINAL_READY\Unsorted\MDA-012-william-1950\JSON\MDA-012-william-1950.paper-grade.json,32283,
final/Unsorted/LOSSLESS_SUMMARY,\\dlowenas\brain\apps\paper-intelligence-suite-python\OUTPUT\mda_math_translation_full61_20260530_053137\01_OUTBOX_REPORTS\MDA-012-william-1950.paper-grade.json,\\dlowenas\brain\apps\paper-intelligence-suite-python\OUTPUT\mda_math_translation_full61_20260530_053137\03_FINAL_READY\Unsorted\MDA-012-william-1950\LOSSLESS_SUMMARY\MDA-012-william-1950.lossless-summary.md,27571,
final/Unsorted/HTML,\\dlowenas\brain\apps\paper-intelligence-suite-python\OUTPUT\mda_math_translation_full61_20260530_053137\01_OUTBOX_REPORTS\MDA-012-william-1950.paper-grade.json,\\dlowenas\brain\apps\paper-intelligence-suite-python\OUTPUT\mda_math_translation_full61_20260530_053137\03_FINAL_READY\Unsorted\MDA-012-william-1950\HTML\MDA-012-william-1950.paper-grade-dashboard.html,11267,rendered
final/Unsorted/EXCEL,\\dlowenas\brain\apps\paper-intelligence-suite-python\OUTPUT\mda_math_translation_full61_20260530_053137\01_OUTBOX_REPORTS\MDA-012-william-1950.paper-grade.json,\\dlowenas\brain\apps\paper-intelligence-suite-python\OUTPUT\mda_math_translation_full61_20260530_053137\03_FINAL_READY\Unsorted\MDA-012-william-1950\EXCEL\MDA-012-william-1950.paper-grade.review.xlsx,14889,rendered
final/Unsorted/MARKDOWN,\\dlowenas\brain\apps\paper-intelligence-suite-python\OUTPUT\mda_math_translation_full61_20260530_053137\01_OUTBOX_REPORTS\MDA-012-william-1950.paper-grade.md,\\dlowenas\brain\apps\paper-intelligence-suite-python\OUTPUT\mda_math_translation_full61_20260530_053137\03_FINAL_READY\Unsorted\MDA-012-william-1950\MARKDOWN\MDA-012-william-1950.paper-grade.md,3905,
final/Unsorted/EXCEL,\\dlowenas\brain\apps\paper-intelligence-suite-python\OUTPUT\mda_math_translation_full61_20260530_053137\01_OUTBOX_REPORTS\MDA-012-william-1950.paper-grade.xlsx,\\dlowenas\brain\apps\paper-intelligence-suite-python\OUTPUT\mda_math_translation_full61_20260530_053137\03_FINAL_READY\Unsorted\MDA-012-william-1950\EXCEL\MDA-012-william-1950.paper-grade.xlsx,10075,
final/Unsorted/CLAIMS,\\dlowenas\brain\apps\paper-intelligence-suite-python\OUTPUT\mda_math_translation_full61_20260530_053137\01_OUTBOX_REPORTS\MDA-013-peak-coherence-1940.claim-audit.csv,\\dlowenas\brain\apps\paper-intelligence-suite-python\OUTPUT\mda_math_translation_full61_20260530_053137\03_FINAL_READY\Unsorted\MDA-013-peak-coherence-1940\CLAIMS\MDA-013-peak-coherence-1940.claim-audit.csv,4987,
html,\\dlowenas\brain\apps\paper-intelligence-suite-python\OUTPUT\mda_math_translation_full61_20260530_053137\01_OUTBOX_REPORTS\MDA-013-peak-coherence-1940.paper-grade.html,\\dlowenas\brain\apps\paper-intelligence-suite-python\OUTPUT\mda_math_translation_full61_20260530_053137\02_HTML_OUTPUTS\MDA-013-peak-coherence-1940.paper-grade.html,8602,
final/Unsorted/HTML,\\dlowenas\brain\apps\paper-intelligence-suite-python\OUTPUT\mda_math_translation_full61_20260530_053137\01_OUTBOX_REPORTS\MDA-013-peak-coherence-1940.paper-grade.html,\\dlowenas\brain\apps\paper-intelligence-suite-python\OUTPUT\mda_math_translation_full61_20260530_053137\03_FINAL_READY\Unsorted\MDA-013-peak-coherence-1940\HTML\MDA-013-peak-coherence-1940.paper-grade.html,8602,
final/Unsorted/JSON,\\dlowenas\brain\apps\paper-intelligence-suite-python\OUTPUT\mda_math_translation_full61_20260530_053137\01_OUTBOX_REPORTS\MDA-013-peak-coherence-1940.paper-grade.json,\\dlowenas\brain\apps\paper-intelligence-suite-python\OUTPUT\mda_math_translation_full61_20260530_053137\03_FINAL_READY\Unsorted\MDA-013-peak-coherence-1940\JSON\MDA-013-peak-coherence-1940.paper-grade.json,25691,
final/Unsorted/LOSSLESS_SUMMARY,\\dlowenas\brain\apps\paper-intelligence-suite-python\OUTPUT\mda_math_translation_full61_20260530_053137\01_OUTBOX_REPORTS\MDA-013-peak-coherence-1940.paper-grade.json,\\dlowenas\brain\apps\paper-intelligence-suite-python\OUTPUT\mda_math_translation_full61_20260530_053137\03_FINAL_READY\Unsorted\MDA-013-peak-coherence-1940\LOSSLESS_SUMMARY\MDA-013-peak-coherence-1940.lossless-summary.md,23059,
final/Unsorted/HTML,\\dlowenas\brain\apps\paper-intelligence-suite-python\OUTPUT\mda_math_translation_full61_20260530_053137\01_OUTBOX_REPORTS\MDA-013-peak-coherence-1940.paper-grade.json,\\dlowenas\brain\apps\paper-intelligence-suite-python\OUTPUT\mda_math_translation_full61_20260530_053137\03_FINAL_READY\Unsorted\MDA-013-peak-coherence-1940\HTML\MDA-013-peak-coherence-1940.paper-grade-dashboard.html,11256,rendered
final/Unsorted/EXCEL,\\dlowenas\brain\apps\paper-intelligence-suite-python\OUTPUT\mda_math_translation_full61_20260530_053137\01_OUTBOX_REPORTS\MDA-013-peak-coherence-1940.paper-grade.json,\\dlowenas\brain\apps\paper-intelligence-suite-python\OUTPUT\mda_math_translation_full61_20260530_053137\03_FINAL_READY\Unsorted\MDA-013-peak-coherence-1940\EXCEL\MDA-013-peak-coherence-1940.paper-grade.review.xlsx,15161,rendered
final/Unsorted/MARKDOWN,\\dlowenas\brain\apps\paper-intelligence-suite-python\OUTPUT\mda_math_translation_full61_20260530_053137\01_OUTBOX_REPORTS\MDA-013-peak-coherence-1940.paper-grade.md,\\dlowenas\brain\apps\paper-intelligence-suite-python\OUTPUT\mda_math_translation_full61_20260530_053137\03_FINAL_READY\Unsorted\MDA-013-peak-coherence-1940\MARKDOWN\MDA-013-peak-coherence-1940.paper-grade.md,3942,
final/Unsorted/EXCEL,\\dlowenas\brain\apps\paper-intelligence-suite-python\OUTPUT\mda_math_translation_full61_20260530_053137\01_OUTBOX_REPORTS\MDA-013-peak-coherence-1940.paper-grade.xlsx,\\dlowenas\brain\apps\paper-intelligence-suite-python\OUTPUT\mda_math_translation_full61_20260530_053137\03_FINAL_READY\Unsorted\MDA-013-peak-coherence-1940\EXCEL\MDA-013-peak-coherence-1940.paper-grade.xlsx,10364,
final/Unsorted/CLAIMS,\\dlowenas\brain\apps\paper-intelligence-suite-python\OUTPUT\mda_math_translation_full61_20260530_053137\01_OUTBOX_REPORTS\MDA-014-fissure-1950.claim-audit.csv,\\dlowenas\brain\apps\paper-intelligence-suite-python\OUTPUT\mda_math_translation_full61_20260530_053137\03_FINAL_READY\Unsorted\MDA-014-fissure-1950\CLAIMS\MDA-014-fissure-1950.claim-audit.csv,6148,
html,\\dlowenas\brain\apps\paper-intelligence-suite-python\OUTPUT\mda_math_translation_full61_20260530_053137\01_OUTBOX_REPORTS\MDA-014-fissure-1950.paper-grade.html,\\dlowenas\brain\apps\paper-intelligence-suite-python\OUTPUT\mda_math_translation_full61_20260530_053137\02_HTML_OUTPUTS\MDA-014-fissure-1950.paper-grade.html,9160,
final/Unsorted/HTML,\\dlowenas\brain\apps\paper-intelligence-suite-python\OUTPUT\mda_math_translation_full61_20260530_053137\01_OUTBOX_REPORTS\MDA-014-fissure-1950.paper-grade.html,\\dlowenas\brain\apps\paper-intelligence-suite-python\OUTPUT\mda_math_translation_full61_20260530_053137\03_FINAL_READY\Unsorted\MDA-014-fissure-1950\HTML\MDA-014-fissure-1950.paper-grade.html,9160,
final/Unsorted/JSON,\\dlowenas\brain\apps\paper-intelligence-suite-python\OUTPUT\mda_math_translation_full61_20260530_053137\01_OUTBOX_REPORTS\MDA-014-fissure-1950.paper-grade.json,\\dlowenas\brain\apps\paper-intelligence-suite-python\OUTPUT\mda_math_translation_full61_20260530_053137\03_FINAL_READY\Unsorted\MDA-014-fissure-1950\JSON\MDA-014-fissure-1950.paper-grade.json,24700,
final/Unsorted/LOSSLESS_SUMMARY,\\dlowenas\brain\apps\paper-intelligence-suite-python\OUTPUT\mda_math_translation_full61_20260530_053137\01_OUTBOX_REPORTS\MDA-014-fissure-1950.paper-grade.json,\\dlowenas\brain\apps\paper-intelligence-suite-python\OUTPUT\mda_math_translation_full61_20260530_053137\03_FINAL_READY\Unsorted\MDA-014-fissure-1950\LOSSLESS_SUMMARY\MDA-014-fissure-1950.lossless-summary.md,21631,
final/Unsorted/HTML,\\dlowenas\brain\apps\paper-intelligence-suite-python\OUTPUT\mda_math_translation_full61_20260530_053137\01_OUTBOX_REPORTS\MDA-014-fissure-1950.paper-grade.json,\\dlowenas\brain\apps\paper-intelligence-suite-python\OUTPUT\mda_math_translation_full61_20260530_053137\03_FINAL_READY\Unsorted\MDA-014-fissure-1950\HTML\MDA-014-fissure-1950.paper-grade-dashboard.html,11939,rendered
final/Unsorted/EXCEL,\\dlowenas\brain\apps\paper-intelligence-suite-python\OUTPUT\mda_math_translation_full61_20260530_053137\01_OUTBOX_REPORTS\MDA-014-fissure-1950.paper-grade.json,\\dlowenas\brain\apps\paper-intelligence-suite-python\OUTPUT\mda_math_translation_full61_20260530_053137\03_FINAL_READY\Unsorted\MDA-014-fissure-1950\EXCEL\MDA-014-fissure-1950.paper-grade.review.xlsx,15388,rendered
final/Unsorted/MARKDOWN,\\dlowenas\brain\apps\paper-intelligence-suite-python\OUTPUT\mda_math_translation_full61_20260530_053137\01_OUTBOX_REPORTS\MDA-014-fissure-1950.paper-grade.md,\\dlowenas\brain\apps\paper-intelligence-suite-python\OUTPUT\mda_math_translation_full61_20260530_053137\03_FINAL_READY\Unsorted\MDA-014-fissure-1950\MARKDOWN\MDA-014-fissure-1950.paper-grade.md,4776,
final/Unsorted/EXCEL,\\dlowenas\brain\apps\paper-intelligence-suite-python\OUTPUT\mda_math_translation_full61_20260530_053137\01_OUTBOX_REPORTS\MDA-014-fissure-1950.paper-grade.xlsx,\\dlowenas\brain\apps\paper-intelligence-suite-python\OUTPUT\mda_math_translation_full61_20260530_053137\03_FINAL_READY\Unsorted\MDA-014-fissure-1950\EXCEL\MDA-014-fissure-1950.paper-grade.xlsx,10617,
final/Unsorted/CLAIMS,\\dlowenas\brain\apps\paper-intelligence-suite-python\OUTPUT\mda_math_translation_full61_20260530_053137\01_OUTBOX_REPORTS\MDA-015-long-decline.claim-audit.csv,\\dlowenas\brain\apps\paper-intelligence-suite-python\OUTPUT\mda_math_translation_full61_20260530_053137\03_FINAL_READY\Unsorted\MDA-015-long-decline\CLAIMS\MDA-015-long-decline.claim-audit.csv,1022,
html,\\dlowenas\brain\apps\paper-intelligence-suite-python\OUTPUT\mda_math_translation_full61_20260530_053137\01_OUTBOX_REPORTS\MDA-015-long-decline.paper-grade.html,\\dlowenas\brain\apps\paper-intelligence-suite-python\OUTPUT\mda_math_translation_full61_20260530_053137\02_HTML_OUTPUTS\MDA-015-long-decline.paper-grade.html,6417,
final/Unsorted/HTML,\\dlowenas\brain\apps\paper-intelligence-suite-python\OUTPUT\mda_math_translation_full61_20260530_053137\01_OUTBOX_REPORTS\MDA-015-long-decline.paper-grade.html,\\dlowenas\brain\apps\paper-intelligence-suite-python\OUTPUT\mda_math_translation_full61_20260530_053137\03_FINAL_READY\Unsorted\MDA-015-long-decline\HTML\MDA-015-long-decline.paper-grade.html,6417,
final/Unsorted/JSON,\\dlowenas\brain\apps\paper-intelligence-suite-python\OUTPUT\mda_math_translation_full61_20260530_053137\01_OUTBOX_REPORTS\MDA-015-long-decline.paper-grade.json,\\dlowenas\brain\apps\paper-intelligence-suite-python\OUTPUT\mda_math_translation_full61_20260530_053137\03_FINAL_READY\Unsorted\MDA-015-long-decline\JSON\MDA-015-long-decline.paper-grade.json,10199,
final/Unsorted/LOSSLESS_SUMMARY,\\dlowenas\brain\apps\paper-intelligence-suite-python\OUTPUT\mda_math_translation_full61_20260530_053137\01_OUTBOX_REPORTS\MDA-015-long-decline.paper-grade.json,\\dlowenas\brain\apps\paper-intelligence-suite-python\OUTPUT\mda_math_translation_full61_20260530_053137\03_FINAL_READY\Unsorted\MDA-015-long-decline\LOSSLESS_SUMMARY\MDA-015-long-decline.lossless-summary.md,9263,
final/Unsorted/HTML,\\dlowenas\brain\apps\paper-intelligence-suite-python\OUTPUT\mda_math_translation_full61_20260530_053137\01_OUTBOX_REPORTS\MDA-015-long-decline.paper-grade.json,\\dlowenas\brain\apps\paper-intelligence-suite-python\OUTPUT\mda_math_translation_full61_20260530_053137\03_FINAL_READY\Unsorted\MDA-015-long-decline\HTML\MDA-015-long-decline.paper-grade-dashboard.html,8524,rendered
final/Unsorted/EXCEL,\\dlowenas\brain\apps\paper-intelligence-suite-python\OUTPUT\mda_math_translation_full61_20260530_053137\01_OUTBOX_REPORTS\MDA-015-long-decline.paper-grade.json,\\dlowenas\brain\apps\paper-intelligence-suite-python\OUTPUT\mda_math_translation_full61_20260530_053137\03_FINAL_READY\Unsorted\MDA-015-long-decline\EXCEL\MDA-015-long-decline.paper-grade.review.xlsx,12476,rendered
final/Unsorted/MARKDOWN,\\dlowenas\brain\apps\paper-intelligence-suite-python\OUTPUT\mda_math_translation_full61_20260530_053137\01_OUTBOX_REPORTS\MDA-015-long-decline.paper-grade.md,\\dlowenas\brain\apps\paper-intelligence-suite-python\OUTPUT\mda_math_translation_full61_20260530_053137\03_FINAL_READY\Unsorted\MDA-015-long-decline\MARKDOWN\MDA-015-long-decline.paper-grade.md,953,
final/Unsorted/EXCEL,\\dlowenas\brain\apps\paper-intelligence-suite-python\OUTPUT\mda_math_translation_full61_20260530_053137\01_OUTBOX_REPORTS\MDA-015-long-decline.paper-grade.xlsx,\\dlowenas\brain\apps\paper-intelligence-suite-python\OUTPUT\mda_math_translation_full61_20260530_053137\03_FINAL_READY\Unsorted\MDA-015-long-decline\EXCEL\MDA-015-long-decline.paper-grade.xlsx,7778,
final/Unsorted/CLAIMS,\\dlowenas\brain\apps\paper-intelligence-suite-python\OUTPUT\mda_math_translation_full61_20260530_053137\01_OUTBOX_REPORTS\MDA-016-thomas-1974.claim-audit.csv,\\dlowenas\brain\apps\paper-intelligence-suite-python\OUTPUT\mda_math_translation_full61_20260530_053137\03_FINAL_READY\Unsorted\MDA-016-thomas-1974\CLAIMS\MDA-016-thomas-1974.claim-audit.csv,7166,
html,\\dlowenas\brain\apps\paper-intelligence-suite-python\OUTPUT\mda_math_translation_full61_20260530_053137\01_OUTBOX_REPORTS\MDA-016-thomas-1974.paper-grade.html,\\dlowenas\brain\apps\paper-intelligence-suite-python\OUTPUT\mda_math_translation_full61_20260530_053137\02_HTML_OUTPUTS\MDA-016-thomas-1974.paper-grade.html,9631,
final/Unsorted/HTML,\\dlowenas\brain\apps\paper-intelligence-suite-python\OUTPUT\mda_math_translation_full61_20260530_053137\01_OUTBOX_REPORTS\MDA-016-thomas-1974.paper-grade.html,\\dlowenas\brain\apps\paper-intelligence-suite-python\OUTPUT\mda_math_translation_full61_20260530_053137\03_FINAL_READY\Unsorted\MDA-016-thomas-1974\HTML\MDA-016-thomas-1974.paper-grade.html,9631,
final/Unsorted/JSON,\\dlowenas\brain\apps\paper-intelligence-suite-python\OUTPUT\mda_math_translation_full61_20260530_053137\01_OUTBOX_REPORTS\MDA-016-thomas-1974.paper-grade.json,\\dlowenas\brain\apps\paper-intelligence-suite-python\OUTPUT\mda_math_translation_full61_20260530_053137\03_FINAL_READY\Unsorted\MDA-016-thomas-1974\JSON\MDA-016-thomas-1974.paper-grade.json,34419,
final/Unsorted/LOSSLESS_SUMMARY,\\dlowenas\brain\apps\paper-intelligence-suite-python\OUTPUT\mda_math_translation_full61_20260530_053137\01_OUTBOX_REPORTS\MDA-016-thomas-1974.paper-grade.json,\\dlowenas\brain\apps\paper-intelligence-suite-python\OUTPUT\mda_math_translation_full61_20260530_053137\03_FINAL_READY\Unsorted\MDA-016-thomas-1974\LOSSLESS_SUMMARY\MDA-016-thomas-1974.lossless-summary.md,28468,
final/Unsorted/HTML,\\dlowenas\brain\apps\paper-intelligence-suite-python\OUTPUT\mda_math_translation_full61_20260530_053137\01_OUTBOX_REPORTS\MDA-016-thomas-1974.paper-grade.json,\\dlowenas\brain\apps\paper-intelligence-suite-python\OUTPUT\mda_math_translation_full61_20260530_053137\03_FINAL_READY\Unsorted\MDA-016-thomas-1974\HTML\MDA-016-thomas-1974.paper-grade-dashboard.html,12440,rendered
final/Unsorted/EXCEL,\\dlowenas\brain\apps\paper-intelligence-suite-python\OUTPUT\mda_math_translation_full61_20260530_053137\01_OUTBOX_REPORTS\MDA-016-thomas-1974.paper-grade.json,\\dlowenas\brain\apps\paper-intelligence-suite-python\OUTPUT\mda_math_translation_full61_20260530_053137\03_FINAL_READY\Unsorted\MDA-016-thomas-1974\EXCEL\MDA-016-thomas-1974.paper-grade.review.xlsx,14618,rendered
final/Unsorted/MARKDOWN,\\dlowenas\brain\apps\paper-intelligence-suite-python\OUTPUT\mda_math_translation_full61_20260530_053137\01_OUTBOX_REPORTS\MDA-016-thomas-1974.paper-grade.md,\\dlowenas\brain\apps\paper-intelligence-suite-python\OUTPUT\mda_math_translation_full61_20260530_053137\03_FINAL_READY\Unsorted\MDA-016-thomas-1974\MARKDOWN\MDA-016-thomas-1974.paper-grade.md,5427,
final/Unsorted/EXCEL,\\dlowenas\brain\apps\paper-intelligence-suite-python\OUTPUT\mda_math_translation_full61_20260530_053137\01_OUTBOX_REPORTS\MDA-016-thomas-1974.paper-grade.xlsx,\\dlowenas\brain\apps\paper-intelligence-suite-python\OUTPUT\mda_math_translation_full61_20260530_053137\03_FINAL_READY\Unsorted\MDA-016-thomas-1974\EXCEL\MDA-016-thomas-1974.paper-grade.xlsx,9892,
final/Unsorted/CLAIMS,\\dlowenas\brain\apps\paper-intelligence-suite-python\OUTPUT\mda_math_translation_full61_20260530_053137\01_OUTBOX_REPORTS\MDA-017-unraveling-1960.claim-audit.csv,\\dlowenas\brain\apps\paper-intelligence-suite-python\OUTPUT\mda_math_translation_full61_20260530_053137\03_FINAL_READY\Unsorted\MDA-017-unraveling-1960\CLAIMS\MDA-017-unraveling-1960.claim-audit.csv,2594,
html,\\dlowenas\brain\apps\paper-intelligence-suite-python\OUTPUT\mda_math_translation_full61_20260530_053137\01_OUTBOX_REPORTS\MDA-017-unraveling-1960.paper-grade.html,\\dlowenas\brain\apps\paper-intelligence-suite-python\OUTPUT\mda_math_translation_full61_20260530_053137\02_HTML_OUTPUTS\MDA-017-unraveling-1960.paper-grade.html,7304,
final/Unsorted/HTML,\\dlowenas\brain\apps\paper-intelligence-suite-python\OUTPUT\mda_math_translation_full61_20260530_053137\01_OUTBOX_REPORTS\MDA-017-unraveling-1960.paper-grade.html,\\dlowenas\brain\apps\paper-intelligence-suite-python\OUTPUT\mda_math_translation_full61_20260530_053137\03_FINAL_READY\Unsorted\MDA-017-unraveling-1960\HTML\MDA-017-unraveling-1960.paper-grade.html,7304,
final/Unsorted/JSON,\\dlowenas\brain\apps\paper-intelligence-suite-python\OUTPUT\mda_math_translation_full61_20260530_053137\01_OUTBOX_REPORTS\MDA-017-unraveling-1960.paper-grade.json,\\dlowenas\brain\apps\paper-intelligence-suite-python\OUTPUT\mda_math_translation_full61_20260530_053137\03_FINAL_READY\Unsorted\MDA-017-unraveling-1960\JSON\MDA-017-unraveling-1960.paper-grade.json,19485,
final/Unsorted/LOSSLESS_SUMMARY,\\dlowenas\brain\apps\paper-intelligence-suite-python\OUTPUT\mda_math_translation_full61_20260530_053137\01_OUTBOX_REPORTS\MDA-017-unraveling-1960.paper-grade.json,\\dlowenas\brain\apps\paper-intelligence-suite-python\OUTPUT\mda_math_translation_full61_20260530_053137\03_FINAL_READY\Unsorted\MDA-017-unraveling-1960\LOSSLESS_SUMMARY\MDA-017-unraveling-1960.lossless-summary.md,16325,
final/Unsorted/HTML,\\dlowenas\brain\apps\paper-intelligence-suite-python\OUTPUT\mda_math_translation_full61_20260530_053137\01_OUTBOX_REPORTS\MDA-017-unraveling-1960.paper-grade.json,\\dlowenas\brain\apps\paper-intelligence-suite-python\OUTPUT\mda_math_translation_full61_20260530_053137\03_FINAL_READY\Unsorted\MDA-017-unraveling-1960\HTML\MDA-017-unraveling-1960.paper-grade-dashboard.html,9712,rendered
final/Unsorted/EXCEL,\\dlowenas\brain\apps\paper-intelligence-suite-python\OUTPUT\mda_math_translation_full61_20260530_053137\01_OUTBOX_REPORTS\MDA-017-unraveling-1960.paper-grade.json,\\dlowenas\brain\apps\paper-intelligence-suite-python\OUTPUT\mda_math_translation_full61_20260530_053137\03_FINAL_READY\Unsorted\MDA-017-unraveling-1960\EXCEL\MDA-017-unraveling-1960.paper-grade.review.xlsx,14783,rendered
final/Unsorted/MARKDOWN,\\dlowenas\brain\apps\paper-intelligence-suite-python\OUTPUT\mda_math_translation_full61_20260530_053137\01_OUTBOX_REPORTS\MDA-017-unraveling-1960.paper-grade.md,\\dlowenas\brain\apps\paper-intelligence-suite-python\OUTPUT\mda_math_translation_full61_20260530_053137\03_FINAL_READY\Unsorted\MDA-017-unraveling-1960\MARKDOWN\MDA-017-unraveling-1960.paper-grade.md,2160,
final/Unsorted/EXCEL,\\dlowenas\brain\apps\paper-intelligence-suite-python\OUTPUT\mda_math_translation_full61_20260530_053137\01_OUTBOX_REPORTS\MDA-017-unraveling-1960.paper-grade.xlsx,\\dlowenas\brain\apps\paper-intelligence-suite-python\OUTPUT\mda_math_translation_full61_20260530_053137\03_FINAL_READY\Unsorted\MDA-017-unraveling-1960\EXCEL\MDA-017-unraveling-1960.paper-grade.xlsx,10005,
final/Unsorted/CLAIMS,\\dlowenas\brain\apps\paper-intelligence-suite-python\OUTPUT\mda_math_translation_full61_20260530_053137\01_OUTBOX_REPORTS\MDA-018-great-decoupling-1968.claim-audit.csv,\\dlowenas\brain\apps\paper-intelligence-suite-python\OUTPUT\mda_math_translation_full61_20260530_053137\03_FINAL_READY\Unsorted\MDA-018-great-decoupling-1968\CLAIMS\MDA-018-great-decoupling-1968.claim-audit.csv,5533,
html,\\dlowenas\brain\apps\paper-intelligence-suite-python\OUTPUT\mda_math_translation_full61_20260530_053137\01_OUTBOX_REPORTS\MDA-018-great-decoupling-1968.paper-grade.html,\\dlowenas\brain\apps\paper-intelligence-suite-python\OUTPUT\mda_math_translation_full61_20260530_053137\02_HTML_OUTPUTS\MDA-018-great-decoupling-1968.paper-grade.html,9139,
final/Unsorted/HTML,\\dlowenas\brain\apps\paper-intelligence-suite-python\OUTPUT\mda_math_translation_full61_20260530_053137\01_OUTBOX_REPORTS\MDA-018-great-decoupling-1968.paper-grade.html,\\dlowenas\brain\apps\paper-intelligence-suite-python\OUTPUT\mda_math_translation_full61_20260530_053137\03_FINAL_READY\Unsorted\MDA-018-great-decoupling-1968\HTML\MDA-018-great-decoupling-1968.paper-grade.html,9139,
final/Unsorted/JSON,\\dlowenas\brain\apps\paper-intelligence-suite-python\OUTPUT\mda_math_translation_full61_20260530_053137\01_OUTBOX_REPORTS\MDA-018-great-decoupling-1968.paper-grade.json,\\dlowenas\brain\apps\paper-intelligence-suite-python\OUTPUT\mda_math_translation_full61_20260530_053137\03_FINAL_READY\Unsorted\MDA-018-great-decoupling-1968\JSON\MDA-018-great-decoupling-1968.paper-grade.json,29581,
final/Unsorted/LOSSLESS_SUMMARY,\\dlowenas\brain\apps\paper-intelligence-suite-python\OUTPUT\mda_math_translation_full61_20260530_053137\01_OUTBOX_REPORTS\MDA-018-great-decoupling-1968.paper-grade.json,\\dlowenas\brain\apps\paper-intelligence-suite-python\OUTPUT\mda_math_translation_full61_20260530_053137\03_FINAL_READY\Unsorted\MDA-018-great-decoupling-1968\LOSSLESS_SUMMARY\MDA-018-great-decoupling-1968.lossless-summary.md,26324,
final/Unsorted/HTML,\\dlowenas\brain\apps\paper-intelligence-suite-python\OUTPUT\mda_math_translation_full61_20260530_053137\01_OUTBOX_REPORTS\MDA-018-great-decoupling-1968.paper-grade.json,\\dlowenas\brain\apps\paper-intelligence-suite-python\OUTPUT\mda_math_translation_full61_20260530_053137\03_FINAL_READY\Unsorted\MDA-018-great-decoupling-1968\HTML\MDA-018-great-decoupling-1968.paper-grade-dashboard.html,11922,rendered
final/Unsorted/EXCEL,\\dlowenas\brain\apps\paper-intelligence-suite-python\OUTPUT\mda_math_translation_full61_20260530_053137\01_OUTBOX_REPORTS\MDA-018-great-decoupling-1968.paper-grade.json,\\dlowenas\brain\apps\paper-intelligence-suite-python\OUTPUT\mda_math_translation_full61_20260530_053137\03_FINAL_READY\Unsorted\MDA-018-great-decoupling-1968\EXCEL\MDA-018-great-decoupling-1968.paper-grade.review.xlsx,15941,rendered
final/Unsorted/MARKDOWN,\\dlowenas\brain\apps\paper-intelligence-suite-python\OUTPUT\mda_math_translation_full61_20260530_053137\01_OUTBOX_REPORTS\MDA-018-great-decoupling-1968.paper-grade.md,\\dlowenas\brain\apps\paper-intelligence-suite-python\OUTPUT\mda_math_translation_full61_20260530_053137\03_FINAL_READY\Unsorted\MDA-018-great-decoupling-1968\MARKDOWN\MDA-018-great-decoupling-1968.paper-grade.md,4470,
final/Unsorted/EXCEL,\\dlowenas\brain\apps\paper-intelligence-suite-python\OUTPUT\mda_math_translation_full61_20260530_053137\01_OUTBOX_REPORTS\MDA-018-great-decoupling-1968.paper-grade.xlsx,\\dlowenas\brain\apps\paper-intelligence-suite-python\OUTPUT\mda_math_translation_full61_20260530_053137\03_FINAL_READY\Unsorted\MDA-018-great-decoupling-1968\EXCEL\MDA-018-great-decoupling-1968.paper-grade.xlsx,11121,
final/Unsorted/CLAIMS,\\dlowenas\brain\apps\paper-intelligence-suite-python\OUTPUT\mda_math_translation_full61_20260530_053137\01_OUTBOX_REPORTS\MDA-019-current-state-2024.claim-audit.csv,\\dlowenas\brain\apps\paper-intelligence-suite-python\OUTPUT\mda_math_translation_full61_20260530_053137\03_FINAL_READY\Unsorted\MDA-019-current-state-2024\CLAIMS\MDA-019-current-state-2024.claim-audit.csv,5846,
html,\\dlowenas\brain\apps\paper-intelligence-suite-python\OUTPUT\mda_math_translation_full61_20260530_053137\01_OUTBOX_REPORTS\MDA-019-current-state-2024.paper-grade.html,\\dlowenas\brain\apps\paper-intelligence-suite-python\OUTPUT\mda_math_translation_full61_20260530_053137\02_HTML_OUTPUTS\MDA-019-current-state-2024.paper-grade.html,9437,
final/Unsorted/HTML,\\dlowenas\brain\apps\paper-intelligence-suite-python\OUTPUT\mda_math_translation_full61_20260530_053137\01_OUTBOX_REPORTS\MDA-019-current-state-2024.paper-grade.html,\\dlowenas\brain\apps\paper-intelligence-suite-python\OUTPUT\mda_math_translation_full61_20260530_053137\03_FINAL_READY\Unsorted\MDA-019-current-state-2024\HTML\MDA-019-current-state-2024.paper-grade.html,9437,
final/Unsorted/JSON,\\dlowenas\brain\apps\paper-intelligence-suite-python\OUTPUT\mda_math_translation_full61_20260530_053137\01_OUTBOX_REPORTS\MDA-019-current-state-2024.paper-grade.json,\\dlowenas\brain\apps\paper-intelligence-suite-python\OUTPUT\mda_math_translation_full61_20260530_053137\03_FINAL_READY\Unsorted\MDA-019-current-state-2024\JSON\MDA-019-current-state-2024.paper-grade.json,26543,
final/Unsorted/LOSSLESS_SUMMARY,\\dlowenas\brain\apps\paper-intelligence-suite-python\OUTPUT\mda_math_translation_full61_20260530_053137\01_OUTBOX_REPORTS\MDA-019-current-state-2024.paper-grade.json,\\dlowenas\brain\apps\paper-intelligence-suite-python\OUTPUT\mda_math_translation_full61_20260530_053137\03_FINAL_READY\Unsorted\MDA-019-current-state-2024\LOSSLESS_SUMMARY\MDA-019-current-state-2024.lossless-summary.md,23957,
final/Unsorted/HTML,\\dlowenas\brain\apps\paper-intelligence-suite-python\OUTPUT\mda_math_translation_full61_20260530_053137\01_OUTBOX_REPORTS\MDA-019-current-state-2024.paper-grade.json,\\dlowenas\brain\apps\paper-intelligence-suite-python\OUTPUT\mda_math_translation_full61_20260530_053137\03_FINAL_READY\Unsorted\MDA-019-current-state-2024\HTML\MDA-019-current-state-2024.paper-grade-dashboard.html,12104,rendered
final/Unsorted/EXCEL,\\dlowenas\brain\apps\paper-intelligence-suite-python\OUTPUT\mda_math_translation_full61_20260530_053137\01_OUTBOX_REPORTS\MDA-019-current-state-2024.paper-grade.json,\\dlowenas\brain\apps\paper-intelligence-suite-python\OUTPUT\mda_math_translation_full61_20260530_053137\03_FINAL_READY\Unsorted\MDA-019-current-state-2024\EXCEL\MDA-019-current-state-2024.paper-grade.review.xlsx,16015,rendered
final/Unsorted/MARKDOWN,\\dlowenas\brain\apps\paper-intelligence-suite-python\OUTPUT\mda_math_translation_full61_20260530_053137\01_OUTBOX_REPORTS\MDA-019-current-state-2024.paper-grade.md,\\dlowenas\brain\apps\paper-intelligence-suite-python\OUTPUT\mda_math_translation_full61_20260530_053137\03_FINAL_READY\Unsorted\MDA-019-current-state-2024\MARKDOWN\MDA-019-current-state-2024.paper-grade.md,4772,
final/Unsorted/EXCEL,\\dlowenas\brain\apps\paper-intelligence-suite-python\OUTPUT\mda_math_translation_full61_20260530_053137\01_OUTBOX_REPORTS\MDA-019-current-state-2024.paper-grade.xlsx,\\dlowenas\brain\apps\paper-intelligence-suite-python\OUTPUT\mda_math_translation_full61_20260530_053137\03_FINAL_READY\Unsorted\MDA-019-current-state-2024\EXCEL\MDA-019-current-state-2024.paper-grade.xlsx,11243,
final/Unsorted/CLAIMS,\\dlowenas\brain\apps\paper-intelligence-suite-python\OUTPUT\mda_math_translation_full61_20260530_053137\01_OUTBOX_REPORTS\MDA-020-phase-transition.claim-audit.csv,\\dlowenas\brain\apps\paper-intelligence-suite-python\OUTPUT\mda_math_translation_full61_20260530_053137\03_FINAL_READY\Unsorted\MDA-020-phase-transition\CLAIMS\MDA-020-phase-transition.claim-audit.csv,993,
html,\\dlowenas\brain\apps\paper-intelligence-suite-python\OUTPUT\mda_math_translation_full61_20260530_053137\01_OUTBOX_REPORTS\MDA-020-phase-transition.paper-grade.html,\\dlowenas\brain\apps\paper-intelligence-suite-python\OUTPUT\mda_math_translation_full61_20260530_053137\02_HTML_OUTPUTS\MDA-020-phase-transition.paper-grade.html,6393,
final/Unsorted/HTML,\\dlowenas\brain\apps\paper-intelligence-suite-python\OUTPUT\mda_math_translation_full61_20260530_053137\01_OUTBOX_REPORTS\MDA-020-phase-transition.paper-grade.html,\\dlowenas\brain\apps\paper-intelligence-suite-python\OUTPUT\mda_math_translation_full61_20260530_053137\03_FINAL_READY\Unsorted\MDA-020-phase-transition\HTML\MDA-020-phase-transition.paper-grade.html,6393,
final/Unsorted/JSON,\\dlowenas\brain\apps\paper-intelligence-suite-python\OUTPUT\mda_math_translation_full61_20260530_053137\01_OUTBOX_REPORTS\MDA-020-phase-transition.paper-grade.json,\\dlowenas\brain\apps\paper-intelligence-suite-python\OUTPUT\mda_math_translation_full61_20260530_053137\03_FINAL_READY\Unsorted\MDA-020-phase-transition\JSON\MDA-020-phase-transition.paper-grade.json,10719,
final/Unsorted/LOSSLESS_SUMMARY,\\dlowenas\brain\apps\paper-intelligence-suite-python\OUTPUT\mda_math_translation_full61_20260530_053137\01_OUTBOX_REPORTS\MDA-020-phase-transition.paper-grade.json,\\dlowenas\brain\apps\paper-intelligence-suite-python\OUTPUT\mda_math_translation_full61_20260530_053137\03_FINAL_READY\Unsorted\MDA-020-phase-transition\LOSSLESS_SUMMARY\MDA-020-phase-transition.lossless-summary.md,9357,
final/Unsorted/HTML,\\dlowenas\brain\apps\paper-intelligence-suite-python\OUTPUT\mda_math_translation_full61_20260530_053137\01_OUTBOX_REPORTS\MDA-020-phase-transition.paper-grade.json,\\dlowenas\brain\apps\paper-intelligence-suite-python\OUTPUT\mda_math_translation_full61_20260530_053137\03_FINAL_READY\Unsorted\MDA-020-phase-transition\HTML\MDA-020-phase-transition.paper-grade-dashboard.html,8504,rendered
final/Unsorted/EXCEL,\\dlowenas\brain\apps\paper-intelligence-suite-python\OUTPUT\mda_math_translation_full61_20260530_053137\01_OUTBOX_REPORTS\MDA-020-phase-transition.paper-grade.json,\\dlowenas\brain\apps\paper-intelligence-suite-python\OUTPUT\mda_math_translation_full61_20260530_053137\03_FINAL_READY\Unsorted\MDA-020-phase-transition\EXCEL\MDA-020-phase-transition.paper-grade.review.xlsx,13324,rendered
final/Unsorted/MARKDOWN,\\dlowenas\brain\apps\paper-intelligence-suite-python\OUTPUT\mda_math_translation_full61_20260530_053137\01_OUTBOX_REPORTS\MDA-020-phase-transition.paper-grade.md,\\dlowenas\brain\apps\paper-intelligence-suite-python\OUTPUT\mda_math_translation_full61_20260530_053137\03_FINAL_READY\Unsorted\MDA-020-phase-transition\MARKDOWN\MDA-020-phase-transition.paper-grade.md,939,
final/Unsorted/EXCEL,\\dlowenas\brain\apps\paper-intelligence-suite-python\OUTPUT\mda_math_translation_full61_20260530_053137\01_OUTBOX_REPORTS\MDA-020-phase-transition.paper-grade.xlsx,\\dlowenas\brain\apps\paper-intelligence-suite-python\OUTPUT\mda_math_translation_full61_20260530_053137\03_FINAL_READY\Unsorted\MDA-020-phase-transition\EXCEL\MDA-020-phase-transition.paper-grade.xlsx,8635,
final/Unsorted/CLAIMS,\\dlowenas\brain\apps\paper-intelligence-suite-python\OUTPUT\mda_math_translation_full61_20260530_053137\01_OUTBOX_REPORTS\MDA-021-anatomy-of-phase-transition.claim-audit.csv,\\dlowenas\brain\apps\paper-intelligence-suite-python\OUTPUT\mda_math_translation_full61_20260530_053137\03_FINAL_READY\Unsorted\MDA-021-anatomy-of-phase-transition\CLAIMS\MDA-021-anatomy-of-phase-transition.claim-audit.csv,10879,
html,\\dlowenas\brain\apps\paper-intelligence-suite-python\OUTPUT\mda_math_translation_full61_20260530_053137\01_OUTBOX_REPORTS\MDA-021-anatomy-of-phase-transition.paper-grade.html,\\dlowenas\brain\apps\paper-intelligence-suite-python\OUTPUT\mda_math_translation_full61_20260530_053137\02_HTML_OUTPUTS\MDA-021-anatomy-of-phase-transition.paper-grade.html,11972,
final/Unsorted/HTML,\\dlowenas\brain\apps\paper-intelligence-suite-python\OUTPUT\mda_math_translation_full61_20260530_053137\01_OUTBOX_REPORTS\MDA-021-anatomy-of-phase-transition.paper-grade.html,\\dlowenas\brain\apps\paper-intelligence-suite-python\OUTPUT\mda_math_translation_full61_20260530_053137\03_FINAL_READY\Unsorted\MDA-021-anatomy-of-phase-transition\HTML\MDA-021-anatomy-of-phase-transition.paper-grade.html,11972,
final/Unsorted/JSON,\\dlowenas\brain\apps\paper-intelligence-suite-python\OUTPUT\mda_math_translation_full61_20260530_053137\01_OUTBOX_REPORTS\MDA-021-anatomy-of-phase-transition.paper-grade.json,\\dlowenas\brain\apps\paper-intelligence-suite-python\OUTPUT\mda_math_translation_full61_20260530_053137\03_FINAL_READY\Unsorted\MDA-021-anatomy-of-phase-transition\JSON\MDA-021-anatomy-of-phase-transition.paper-grade.json,29985,
final/Unsorted/LOSSLESS_SUMMARY,\\dlowenas\brain\apps\paper-intelligence-suite-python\OUTPUT\mda_math_translation_full61_20260530_053137\01_OUTBOX_REPORTS\MDA-021-anatomy-of-phase-transition.paper-grade.json,\\dlowenas\brain\apps\paper-intelligence-suite-python\OUTPUT\mda_math_translation_full61_20260530_053137\03_FINAL_READY\Unsorted\MDA-021-anatomy-of-phase-transition\LOSSLESS_SUMMARY\MDA-021-anatomy-of-phase-transition.lossless-summary.md,25346,
final/Unsorted/HTML,\\dlowenas\brain\apps\paper-intelligence-suite-python\OUTPUT\mda_math_translation_full61_20260530_053137\01_OUTBOX_REPORTS\MDA-021-anatomy-of-phase-transition.paper-grade.json,\\dlowenas\brain\apps\paper-intelligence-suite-python\OUTPUT\mda_math_translation_full61_20260530_053137\03_FINAL_READY\Unsorted\MDA-021-anatomy-of-phase-transition\HTML\MDA-021-anatomy-of-phase-transition.paper-grade-dashboard.html,15211,rendered
final/Unsorted/EXCEL,\\dlowenas\brain\apps\paper-intelligence-suite-python\OUTPUT\mda_math_translation_full61_20260530_053137\01_OUTBOX_REPORTS\MDA-021-anatomy-of-phase-transition.paper-grade.json,\\dlowenas\brain\apps\paper-intelligence-suite-python\OUTPUT\mda_math_translation_full61_20260530_053137\03_FINAL_READY\Unsorted\MDA-021-anatomy-of-phase-transition\EXCEL\MDA-021-anatomy-of-phase-transition.paper-grade.review.xlsx,16450,rendered
final/Unsorted/MARKDOWN,\\dlowenas\brain\apps\paper-intelligence-suite-python\OUTPUT\mda_math_translation_full61_20260530_053137\01_OUTBOX_REPORTS\MDA-021-anatomy-of-phase-transition.paper-grade.md,\\dlowenas\brain\apps\paper-intelligence-suite-python\OUTPUT\mda_math_translation_full61_20260530_053137\03_FINAL_READY\Unsorted\MDA-021-anatomy-of-phase-transition\MARKDOWN\MDA-021-anatomy-of-phase-transition.paper-grade.md,8365,
final/Unsorted/EXCEL,\\dlowenas\brain\apps\paper-intelligence-suite-python\OUTPUT\mda_math_translation_full61_20260530_053137\01_OUTBOX_REPORTS\MDA-021-anatomy-of-phase-transition.paper-grade.xlsx,\\dlowenas\brain\apps\paper-intelligence-suite-python\OUTPUT\mda_math_translation_full61_20260530_053137\03_FINAL_READY\Unsorted\MDA-021-anatomy-of-phase-transition\EXCEL\MDA-021-anatomy-of-phase-transition.paper-grade.xlsx,11651,
final/Unsorted/CLAIMS,\\dlowenas\brain\apps\paper-intelligence-suite-python\OUTPUT\mda_math_translation_full61_20260530_053137\01_OUTBOX_REPORTS\MDA-022-cascade.claim-audit.csv,\\dlowenas\brain\apps\paper-intelligence-suite-python\OUTPUT\mda_math_translation_full61_20260530_053137\03_FINAL_READY\Unsorted\MDA-022-cascade\CLAIMS\MDA-022-cascade.claim-audit.csv,3027,
html,\\dlowenas\brain\apps\paper-intelligence-suite-python\OUTPUT\mda_math_translation_full61_20260530_053137\01_OUTBOX_REPORTS\MDA-022-cascade.paper-grade.html,\\dlowenas\brain\apps\paper-intelligence-suite-python\OUTPUT\mda_math_translation_full61_20260530_053137\02_HTML_OUTPUTS\MDA-022-cascade.paper-grade.html,7647,
final/Unsorted/HTML,\\dlowenas\brain\apps\paper-intelligence-suite-python\OUTPUT\mda_math_translation_full61_20260530_053137\01_OUTBOX_REPORTS\MDA-022-cascade.paper-grade.html,\\dlowenas\brain\apps\paper-intelligence-suite-python\OUTPUT\mda_math_translation_full61_20260530_053137\03_FINAL_READY\Unsorted\MDA-022-cascade\HTML\MDA-022-cascade.paper-grade.html,7647,
final/Unsorted/JSON,\\dlowenas\brain\apps\paper-intelligence-suite-python\OUTPUT\mda_math_translation_full61_20260530_053137\01_OUTBOX_REPORTS\MDA-022-cascade.paper-grade.json,\\dlowenas\brain\apps\paper-intelligence-suite-python\OUTPUT\mda_math_translation_full61_20260530_053137\03_FINAL_READY\Unsorted\MDA-022-cascade\JSON\MDA-022-cascade.paper-grade.json,14323,
final/Unsorted/LOSSLESS_SUMMARY,\\dlowenas\brain\apps\paper-intelligence-suite-python\OUTPUT\mda_math_translation_full61_20260530_053137\01_OUTBOX_REPORTS\MDA-022-cascade.paper-grade.json,\\dlowenas\brain\apps\paper-intelligence-suite-python\OUTPUT\mda_math_translation_full61_20260530_053137\03_FINAL_READY\Unsorted\MDA-022-cascade\LOSSLESS_SUMMARY\MDA-022-cascade.lossless-summary.md,12760,
final/Unsorted/HTML,\\dlowenas\brain\apps\paper-intelligence-suite-python\OUTPUT\mda_math_translation_full61_20260530_053137\01_OUTBOX_REPORTS\MDA-022-cascade.paper-grade.json,\\dlowenas\brain\apps\paper-intelligence-suite-python\OUTPUT\mda_math_translation_full61_20260530_053137\03_FINAL_READY\Unsorted\MDA-022-cascade\HTML\MDA-022-cascade.paper-grade-dashboard.html,9970,rendered
final/Unsorted/EXCEL,\\dlowenas\brain\apps\paper-intelligence-suite-python\OUTPUT\mda_math_translation_full61_20260530_053137\01_OUTBOX_REPORTS\MDA-022-cascade.paper-grade.json,\\dlowenas\brain\apps\paper-intelligence-suite-python\OUTPUT\mda_math_translation_full61_20260530_053137\03_FINAL_READY\Unsorted\MDA-022-cascade\EXCEL\MDA-022-cascade.paper-grade.review.xlsx,13658,rendered
final/Unsorted/MARKDOWN,\\dlowenas\brain\apps\paper-intelligence-suite-python\OUTPUT\mda_math_translation_full61_20260530_053137\01_OUTBOX_REPORTS\MDA-022-cascade.paper-grade.md,\\dlowenas\brain\apps\paper-intelligence-suite-python\OUTPUT\mda_math_translation_full61_20260530_053137\03_FINAL_READY\Unsorted\MDA-022-cascade\MARKDOWN\MDA-022-cascade.paper-grade.md,2522,
final/Unsorted/EXCEL,\\dlowenas\brain\apps\paper-intelligence-suite-python\OUTPUT\mda_math_translation_full61_20260530_053137\01_OUTBOX_REPORTS\MDA-022-cascade.paper-grade.xlsx,\\dlowenas\brain\apps\paper-intelligence-suite-python\OUTPUT\mda_math_translation_full61_20260530_053137\03_FINAL_READY\Unsorted\MDA-022-cascade\EXCEL\MDA-022-cascade.paper-grade.xlsx,8905,
final/Unsorted/CLAIMS,\\dlowenas\brain\apps\paper-intelligence-suite-python\OUTPUT\mda_math_translation_full61_20260530_053137\01_OUTBOX_REPORTS\MDA-023-coherence-cascade.claim-audit.csv,\\dlowenas\brain\apps\paper-intelligence-suite-python\OUTPUT\mda_math_translation_full61_20260530_053137\03_FINAL_READY\Unsorted\MDA-023-coherence-cascade\CLAIMS\MDA-023-coherence-cascade.claim-audit.csv,1004,
html,\\dlowenas\brain\apps\paper-intelligence-suite-python\OUTPUT\mda_math_translation_full61_20260530_053137\01_OUTBOX_REPORTS\MDA-023-coherence-cascade.paper-grade.html,\\dlowenas\brain\apps\paper-intelligence-suite-python\OUTPUT\mda_math_translation_full61_20260530_053137\02_HTML_OUTPUTS\MDA-023-coherence-cascade.paper-grade.html,6431,
final/Unsorted/HTML,\\dlowenas\brain\apps\paper-intelligence-suite-python\OUTPUT\mda_math_translation_full61_20260530_053137\01_OUTBOX_REPORTS\MDA-023-coherence-cascade.paper-grade.html,\\dlowenas\brain\apps\paper-intelligence-suite-python\OUTPUT\mda_math_translation_full61_20260530_053137\03_FINAL_READY\Unsorted\MDA-023-coherence-cascade\HTML\MDA-023-coherence-cascade.paper-grade.html,6431,
final/Unsorted/JSON,\\dlowenas\brain\apps\paper-intelligence-suite-python\OUTPUT\mda_math_translation_full61_20260530_053137\01_OUTBOX_REPORTS\MDA-023-coherence-cascade.paper-grade.json,\\dlowenas\brain\apps\paper-intelligence-suite-python\OUTPUT\mda_math_translation_full61_20260530_053137\03_FINAL_READY\Unsorted\MDA-023-coherence-cascade\JSON\MDA-023-coherence-cascade.paper-grade.json,5469,
final/Unsorted/LOSSLESS_SUMMARY,\\dlowenas\brain\apps\paper-intelligence-suite-python\OUTPUT\mda_math_translation_full61_20260530_053137\01_OUTBOX_REPORTS\MDA-023-coherence-cascade.paper-grade.json,\\dlowenas\brain\apps\paper-intelligence-suite-python\OUTPUT\mda_math_translation_full61_20260530_053137\03_FINAL_READY\Unsorted\MDA-023-coherence-cascade\LOSSLESS_SUMMARY\MDA-023-coherence-cascade.lossless-summary.md,4648,
final/Unsorted/HTML,\\dlowenas\brain\apps\paper-intelligence-suite-python\OUTPUT\mda_math_translation_full61_20260530_053137\01_OUTBOX_REPORTS\MDA-023-coherence-cascade.paper-grade.json,\\dlowenas\brain\apps\paper-intelligence-suite-python\OUTPUT\mda_math_translation_full61_20260530_053137\03_FINAL_READY\Unsorted\MDA-023-coherence-cascade\HTML\MDA-023-coherence-cascade.paper-grade-dashboard.html,8614,rendered
final/Unsorted/EXCEL,\\dlowenas\brain\apps\paper-intelligence-suite-python\OUTPUT\mda_math_translation_full61_20260530_053137\01_OUTBOX_REPORTS\MDA-023-coherence-cascade.paper-grade.json,\\dlowenas\brain\apps\paper-intelligence-suite-python\OUTPUT\mda_math_translation_full61_20260530_053137\03_FINAL_READY\Unsorted\MDA-023-coherence-cascade\EXCEL\MDA-023-coherence-cascade.paper-grade.review.xlsx,11145,rendered
final/Unsorted/MARKDOWN,\\dlowenas\brain\apps\paper-intelligence-suite-python\OUTPUT\mda_math_translation_full61_20260530_053137\01_OUTBOX_REPORTS\MDA-023-coherence-cascade.paper-grade.md,\\dlowenas\brain\apps\paper-intelligence-suite-python\OUTPUT\mda_math_translation_full61_20260530_053137\03_FINAL_READY\Unsorted\MDA-023-coherence-cascade\MARKDOWN\MDA-023-coherence-cascade.paper-grade.md,978,
final/Unsorted/EXCEL,\\dlowenas\brain\apps\paper-intelligence-suite-python\OUTPUT\mda_math_translation_full61_20260530_053137\01_OUTBOX_REPORTS\MDA-023-coherence-cascade.paper-grade.xlsx,\\dlowenas\brain\apps\paper-intelligence-suite-python\OUTPUT\mda_math_translation_full61_20260530_053137\03_FINAL_READY\Unsorted\MDA-023-coherence-cascade\EXCEL\MDA-023-coherence-cascade.paper-grade.xlsx,6440,
final/Unsorted/CLAIMS,\\dlowenas\brain\apps\paper-intelligence-suite-python\OUTPUT\mda_math_translation_full61_20260530_053137\01_OUTBOX_REPORTS\MDA-024-semantic-collapse.claim-audit.csv,\\dlowenas\brain\apps\paper-intelligence-suite-python\OUTPUT\mda_math_translation_full61_20260530_053137\03_FINAL_READY\Unsorted\MDA-024-semantic-collapse\CLAIMS\MDA-024-semantic-collapse.claim-audit.csv,3236,
html,\\dlowenas\brain\apps\paper-intelligence-suite-python\OUTPUT\mda_math_translation_full61_20260530_053137\01_OUTBOX_REPORTS\MDA-024-semantic-collapse.paper-grade.html,\\dlowenas\brain\apps\paper-intelligence-suite-python\OUTPUT\mda_math_translation_full61_20260530_053137\02_HTML_OUTPUTS\MDA-024-semantic-collapse.paper-grade.html,7655,
final/Unsorted/HTML,\\dlowenas\brain\apps\paper-intelligence-suite-python\OUTPUT\mda_math_translation_full61_20260530_053137\01_OUTBOX_REPORTS\MDA-024-semantic-collapse.paper-grade.html,\\dlowenas\brain\apps\paper-intelligence-suite-python\OUTPUT\mda_math_translation_full61_20260530_053137\03_FINAL_READY\Unsorted\MDA-024-semantic-collapse\HTML\MDA-024-semantic-collapse.paper-grade.html,7655,
final/Unsorted/JSON,\\dlowenas\brain\apps\paper-intelligence-suite-python\OUTPUT\mda_math_translation_full61_20260530_053137\01_OUTBOX_REPORTS\MDA-024-semantic-collapse.paper-grade.json,\\dlowenas\brain\apps\paper-intelligence-suite-python\OUTPUT\mda_math_translation_full61_20260530_053137\03_FINAL_READY\Unsorted\MDA-024-semantic-collapse\JSON\MDA-024-semantic-collapse.paper-grade.json,13212,
final/Unsorted/LOSSLESS_SUMMARY,\\dlowenas\brain\apps\paper-intelligence-suite-python\OUTPUT\mda_math_translation_full61_20260530_053137\01_OUTBOX_REPORTS\MDA-024-semantic-collapse.paper-grade.json,\\dlowenas\brain\apps\paper-intelligence-suite-python\OUTPUT\mda_math_translation_full61_20260530_053137\03_FINAL_READY\Unsorted\MDA-024-semantic-collapse\LOSSLESS_SUMMARY\MDA-024-semantic-collapse.lossless-summary.md,11119,
final/Unsorted/HTML,\\dlowenas\brain\apps\paper-intelligence-suite-python\OUTPUT\mda_math_translation_full61_20260530_053137\01_OUTBOX_REPORTS\MDA-024-semantic-collapse.paper-grade.json,\\dlowenas\brain\apps\paper-intelligence-suite-python\OUTPUT\mda_math_translation_full61_20260530_053137\03_FINAL_READY\Unsorted\MDA-024-semantic-collapse\HTML\MDA-024-semantic-collapse.paper-grade-dashboard.html,10058,rendered
final/Unsorted/EXCEL,\\dlowenas\brain\apps\paper-intelligence-suite-python\OUTPUT\mda_math_translation_full61_20260530_053137\01_OUTBOX_REPORTS\MDA-024-semantic-collapse.paper-grade.json,\\dlowenas\brain\apps\paper-intelligence-suite-python\OUTPUT\mda_math_translation_full61_20260530_053137\03_FINAL_READY\Unsorted\MDA-024-semantic-collapse\EXCEL\MDA-024-semantic-collapse.paper-grade.review.xlsx,12565,rendered
final/Unsorted/MARKDOWN,\\dlowenas\brain\apps\paper-intelligence-suite-python\OUTPUT\mda_math_translation_full61_20260530_053137\01_OUTBOX_REPORTS\MDA-024-semantic-collapse.paper-grade.md,\\dlowenas\brain\apps\paper-intelligence-suite-python\OUTPUT\mda_math_translation_full61_20260530_053137\03_FINAL_READY\Unsorted\MDA-024-semantic-collapse\MARKDOWN\MDA-024-semantic-collapse.paper-grade.md,2561,
final/Unsorted/EXCEL,\\dlowenas\brain\apps\paper-intelligence-suite-python\OUTPUT\mda_math_translation_full61_20260530_053137\01_OUTBOX_REPORTS\MDA-024-semantic-collapse.paper-grade.xlsx,\\dlowenas\brain\apps\paper-intelligence-suite-python\OUTPUT\mda_math_translation_full61_20260530_053137\03_FINAL_READY\Unsorted\MDA-024-semantic-collapse\EXCEL\MDA-024-semantic-collapse.paper-grade.xlsx,7848,
final/Unsorted/CLAIMS,\\dlowenas\brain\apps\paper-intelligence-suite-python\OUTPUT\mda_math_translation_full61_20260530_053137\01_OUTBOX_REPORTS\MDA-025-cognitive-decline.claim-audit.csv,\\dlowenas\brain\apps\paper-intelligence-suite-python\OUTPUT\mda_math_translation_full61_20260530_053137\03_FINAL_READY\Unsorted\MDA-025-cognitive-decline\CLAIMS\MDA-025-cognitive-decline.claim-audit.csv,1823,
html,\\dlowenas\brain\apps\paper-intelligence-suite-python\OUTPUT\mda_math_translation_full61_20260530_053137\01_OUTBOX_REPORTS\MDA-025-cognitive-decline.paper-grade.html,\\dlowenas\brain\apps\paper-intelligence-suite-python\OUTPUT\mda_math_translation_full61_20260530_053137\02_HTML_OUTPUTS\MDA-025-cognitive-decline.paper-grade.html,6886,
final/Unsorted/HTML,\\dlowenas\brain\apps\paper-intelligence-suite-python\OUTPUT\mda_math_translation_full61_20260530_053137\01_OUTBOX_REPORTS\MDA-025-cognitive-decline.paper-grade.html,\\dlowenas\brain\apps\paper-intelligence-suite-python\OUTPUT\mda_math_translation_full61_20260530_053137\03_FINAL_READY\Unsorted\MDA-025-cognitive-decline\HTML\MDA-025-cognitive-decline.paper-grade.html,6886,
final/Unsorted/JSON,\\dlowenas\brain\apps\paper-intelligence-suite-python\OUTPUT\mda_math_translation_full61_20260530_053137\01_OUTBOX_REPORTS\MDA-025-cognitive-decline.paper-grade.json,\\dlowenas\brain\apps\paper-intelligence-suite-python\OUTPUT\mda_math_translation_full61_20260530_053137\03_FINAL_READY\Unsorted\MDA-025-cognitive-decline\JSON\MDA-025-cognitive-decline.paper-grade.json,10248,
final/Unsorted/LOSSLESS_SUMMARY,\\dlowenas\brain\apps\paper-intelligence-suite-python\OUTPUT\mda_math_translation_full61_20260530_053137\01_OUTBOX_REPORTS\MDA-025-cognitive-decline.paper-grade.json,\\dlowenas\brain\apps\paper-intelligence-suite-python\OUTPUT\mda_math_translation_full61_20260530_053137\03_FINAL_READY\Unsorted\MDA-025-cognitive-decline\LOSSLESS_SUMMARY\MDA-025-cognitive-decline.lossless-summary.md,8643,
final/Unsorted/HTML,\\dlowenas\brain\apps\paper-intelligence-suite-python\OUTPUT\mda_math_translation_full61_20260530_053137\01_OUTBOX_REPORTS\MDA-025-cognitive-decline.paper-grade.json,\\dlowenas\brain\apps\paper-intelligence-suite-python\OUTPUT\mda_math_translation_full61_20260530_053137\03_FINAL_READY\Unsorted\MDA-025-cognitive-decline\HTML\MDA-025-cognitive-decline.paper-grade-dashboard.html,9141,rendered
final/Unsorted/EXCEL,\\dlowenas\brain\apps\paper-intelligence-suite-python\OUTPUT\mda_math_translation_full61_20260530_053137\01_OUTBOX_REPORTS\MDA-025-cognitive-decline.paper-grade.json,\\dlowenas\brain\apps\paper-intelligence-suite-python\OUTPUT\mda_math_translation_full61_20260530_053137\03_FINAL_READY\Unsorted\MDA-025-cognitive-decline\EXCEL\MDA-025-cognitive-decline.paper-grade.review.xlsx,12425,rendered
final/Unsorted/MARKDOWN,\\dlowenas\brain\apps\paper-intelligence-suite-python\OUTPUT\mda_math_translation_full61_20260530_053137\01_OUTBOX_REPORTS\MDA-025-cognitive-decline.paper-grade.md,\\dlowenas\brain\apps\paper-intelligence-suite-python\OUTPUT\mda_math_translation_full61_20260530_053137\03_FINAL_READY\Unsorted\MDA-025-cognitive-decline\MARKDOWN\MDA-025-cognitive-decline.paper-grade.md,1588,
final/Unsorted/EXCEL,\\dlowenas\brain\apps\paper-intelligence-suite-python\OUTPUT\mda_math_translation_full61_20260530_053137\01_OUTBOX_REPORTS\MDA-025-cognitive-decline.paper-grade.xlsx,\\dlowenas\brain\apps\paper-intelligence-suite-python\OUTPUT\mda_math_translation_full61_20260530_053137\03_FINAL_READY\Unsorted\MDA-025-cognitive-decline\EXCEL\MDA-025-cognitive-decline.paper-grade.xlsx,7733,
final/Unsorted/CLAIMS,\\dlowenas\brain\apps\paper-intelligence-suite-python\OUTPUT\mda_math_translation_full61_20260530_053137\01_OUTBOX_REPORTS\MDA-026-spiritual-collapse.claim-audit.csv,\\dlowenas\brain\apps\paper-intelligence-suite-python\OUTPUT\mda_math_translation_full61_20260530_053137\03_FINAL_READY\Unsorted\MDA-026-spiritual-collapse\CLAIMS\MDA-026-spiritual-collapse.claim-audit.csv,1000,
html,\\dlowenas\brain\apps\paper-intelligence-suite-python\OUTPUT\mda_math_translation_full61_20260530_053137\01_OUTBOX_REPORTS\MDA-026-spiritual-collapse.paper-grade.html,\\dlowenas\brain\apps\paper-intelligence-suite-python\OUTPUT\mda_math_translation_full61_20260530_053137\02_HTML_OUTPUTS\MDA-026-spiritual-collapse.paper-grade.html,6428,
final/Unsorted/HTML,\\dlowenas\brain\apps\paper-intelligence-suite-python\OUTPUT\mda_math_translation_full61_20260530_053137\01_OUTBOX_REPORTS\MDA-026-spiritual-collapse.paper-grade.html,\\dlowenas\brain\apps\paper-intelligence-suite-python\OUTPUT\mda_math_translation_full61_20260530_053137\03_FINAL_READY\Unsorted\MDA-026-spiritual-collapse\HTML\MDA-026-spiritual-collapse.paper-grade.html,6428,
final/Unsorted/JSON,\\dlowenas\brain\apps\paper-intelligence-suite-python\OUTPUT\mda_math_translation_full61_20260530_053137\01_OUTBOX_REPORTS\MDA-026-spiritual-collapse.paper-grade.json,\\dlowenas\brain\apps\paper-intelligence-suite-python\OUTPUT\mda_math_translation_full61_20260530_053137\03_FINAL_READY\Unsorted\MDA-026-spiritual-collapse\JSON\MDA-026-spiritual-collapse.paper-grade.json,8870,
final/Unsorted/LOSSLESS_SUMMARY,\\dlowenas\brain\apps\paper-intelligence-suite-python\OUTPUT\mda_math_translation_full61_20260530_053137\01_OUTBOX_REPORTS\MDA-026-spiritual-collapse.paper-grade.json,\\dlowenas\brain\apps\paper-intelligence-suite-python\OUTPUT\mda_math_translation_full61_20260530_053137\03_FINAL_READY\Unsorted\MDA-026-spiritual-collapse\LOSSLESS_SUMMARY\MDA-026-spiritual-collapse.lossless-summary.md,7599,
final/Unsorted/HTML,\\dlowenas\brain\apps\paper-intelligence-suite-python\OUTPUT\mda_math_translation_full61_20260530_053137\01_OUTBOX_REPORTS\MDA-026-spiritual-collapse.paper-grade.json,\\dlowenas\brain\apps\paper-intelligence-suite-python\OUTPUT\mda_math_translation_full61_20260530_053137\03_FINAL_READY\Unsorted\MDA-026-spiritual-collapse\HTML\MDA-026-spiritual-collapse.paper-grade-dashboard.html,8612,rendered
final/Unsorted/EXCEL,\\dlowenas\brain\apps\paper-intelligence-suite-python\OUTPUT\mda_math_translation_full61_20260530_053137\01_OUTBOX_REPORTS\MDA-026-spiritual-collapse.paper-grade.json,\\dlowenas\brain\apps\paper-intelligence-suite-python\OUTPUT\mda_math_translation_full61_20260530_053137\03_FINAL_READY\Unsorted\MDA-026-spiritual-collapse\EXCEL\MDA-026-spiritual-collapse.paper-grade.review.xlsx,12061,rendered
final/Unsorted/MARKDOWN,\\dlowenas\brain\apps\paper-intelligence-suite-python\OUTPUT\mda_math_translation_full61_20260530_053137\01_OUTBOX_REPORTS\MDA-026-spiritual-collapse.paper-grade.md,\\dlowenas\brain\apps\paper-intelligence-suite-python\OUTPUT\mda_math_translation_full61_20260530_053137\03_FINAL_READY\Unsorted\MDA-026-spiritual-collapse\MARKDOWN\MDA-026-spiritual-collapse.paper-grade.md,988,
final/Unsorted/EXCEL,\\dlowenas\brain\apps\paper-intelligence-suite-python\OUTPUT\mda_math_translation_full61_20260530_053137\01_OUTBOX_REPORTS\MDA-026-spiritual-collapse.paper-grade.xlsx,\\dlowenas\brain\apps\paper-intelligence-suite-python\OUTPUT\mda_math_translation_full61_20260530_053137\03_FINAL_READY\Unsorted\MDA-026-spiritual-collapse\EXCEL\MDA-026-spiritual-collapse.paper-grade.xlsx,7341,
final/Unsorted/CLAIMS,\\dlowenas\brain\apps\paper-intelligence-suite-python\OUTPUT\mda_math_translation_full61_20260530_053137\01_OUTBOX_REPORTS\MDA-027-signal-went-dark.claim-audit.csv,\\dlowenas\brain\apps\paper-intelligence-suite-python\OUTPUT\mda_math_translation_full61_20260530_053137\03_FINAL_READY\Unsorted\MDA-027-signal-went-dark\CLAIMS\MDA-027-signal-went-dark.claim-audit.csv,6595,
html,\\dlowenas\brain\apps\paper-intelligence-suite-python\OUTPUT\mda_math_translation_full61_20260530_053137\01_OUTBOX_REPORTS\MDA-027-signal-went-dark.paper-grade.html,\\dlowenas\brain\apps\paper-intelligence-suite-python\OUTPUT\mda_math_translation_full61_20260530_053137\02_HTML_OUTPUTS\MDA-027-signal-went-dark.paper-grade.html,9376,
final/Unsorted/HTML,\\dlowenas\brain\apps\paper-intelligence-suite-python\OUTPUT\mda_math_translation_full61_20260530_053137\01_OUTBOX_REPORTS\MDA-027-signal-went-dark.paper-grade.html,\\dlowenas\brain\apps\paper-intelligence-suite-python\OUTPUT\mda_math_translation_full61_20260530_053137\03_FINAL_READY\Unsorted\MDA-027-signal-went-dark\HTML\MDA-027-signal-went-dark.paper-grade.html,9376,
final/Unsorted/JSON,\\dlowenas\brain\apps\paper-intelligence-suite-python\OUTPUT\mda_math_translation_full61_20260530_053137\01_OUTBOX_REPORTS\MDA-027-signal-went-dark.paper-grade.json,\\dlowenas\brain\apps\paper-intelligence-suite-python\OUTPUT\mda_math_translation_full61_20260530_053137\03_FINAL_READY\Unsorted\MDA-027-signal-went-dark\JSON\MDA-027-signal-went-dark.paper-grade.json,24334,
final/Unsorted/LOSSLESS_SUMMARY,\\dlowenas\brain\apps\paper-intelligence-suite-python\OUTPUT\mda_math_translation_full61_20260530_053137\01_OUTBOX_REPORTS\MDA-027-signal-went-dark.paper-grade.json,\\dlowenas\brain\apps\paper-intelligence-suite-python\OUTPUT\mda_math_translation_full61_20260530_053137\03_FINAL_READY\Unsorted\MDA-027-signal-went-dark\LOSSLESS_SUMMARY\MDA-027-signal-went-dark.lossless-summary.md,20378,
final/Unsorted/HTML,\\dlowenas\brain\apps\paper-intelligence-suite-python\OUTPUT\mda_math_translation_full61_20260530_053137\01_OUTBOX_REPORTS\MDA-027-signal-went-dark.paper-grade.json,\\dlowenas\brain\apps\paper-intelligence-suite-python\OUTPUT\mda_math_translation_full61_20260530_053137\03_FINAL_READY\Unsorted\MDA-027-signal-went-dark\HTML\MDA-027-signal-went-dark.paper-grade-dashboard.html,12239,rendered
final/Unsorted/EXCEL,\\dlowenas\brain\apps\paper-intelligence-suite-python\OUTPUT\mda_math_translation_full61_20260530_053137\01_OUTBOX_REPORTS\MDA-027-signal-went-dark.paper-grade.json,\\dlowenas\brain\apps\paper-intelligence-suite-python\OUTPUT\mda_math_translation_full61_20260530_053137\03_FINAL_READY\Unsorted\MDA-027-signal-went-dark\EXCEL\MDA-027-signal-went-dark.paper-grade.review.xlsx,16271,rendered
final/Unsorted/MARKDOWN,\\dlowenas\brain\apps\paper-intelligence-suite-python\OUTPUT\mda_math_translation_full61_20260530_053137\01_OUTBOX_REPORTS\MDA-027-signal-went-dark.paper-grade.md,\\dlowenas\brain\apps\paper-intelligence-suite-python\OUTPUT\mda_math_translation_full61_20260530_053137\03_FINAL_READY\Unsorted\MDA-027-signal-went-dark\MARKDOWN\MDA-027-signal-went-dark.paper-grade.md,5043,
final/Unsorted/EXCEL,\\dlowenas\brain\apps\paper-intelligence-suite-python\OUTPUT\mda_math_translation_full61_20260530_053137\01_OUTBOX_REPORTS\MDA-027-signal-went-dark.paper-grade.xlsx,\\dlowenas\brain\apps\paper-intelligence-suite-python\OUTPUT\mda_math_translation_full61_20260530_053137\03_FINAL_READY\Unsorted\MDA-027-signal-went-dark\EXCEL\MDA-027-signal-went-dark.paper-grade.xlsx,11429,
final/Unsorted/CLAIMS,\\dlowenas\brain\apps\paper-intelligence-suite-python\OUTPUT\mda_math_translation_full61_20260530_053137\01_OUTBOX_REPORTS\MDA-028-phantom-money.claim-audit.csv,\\dlowenas\brain\apps\paper-intelligence-suite-python\OUTPUT\mda_math_translation_full61_20260530_053137\03_FINAL_READY\Unsorted\MDA-028-phantom-money\CLAIMS\MDA-028-phantom-money.claim-audit.csv,5727,
html,\\dlowenas\brain\apps\paper-intelligence-suite-python\OUTPUT\mda_math_translation_full61_20260530_053137\01_OUTBOX_REPORTS\MDA-028-phantom-money.paper-grade.html,\\dlowenas\brain\apps\paper-intelligence-suite-python\OUTPUT\mda_math_translation_full61_20260530_053137\02_HTML_OUTPUTS\MDA-028-phantom-money.paper-grade.html,9011,
final/Unsorted/HTML,\\dlowenas\brain\apps\paper-intelligence-suite-python\OUTPUT\mda_math_translation_full61_20260530_053137\01_OUTBOX_REPORTS\MDA-028-phantom-money.paper-grade.html,\\dlowenas\brain\apps\paper-intelligence-suite-python\OUTPUT\mda_math_translation_full61_20260530_053137\03_FINAL_READY\Unsorted\MDA-028-phantom-money\HTML\MDA-028-phantom-money.paper-grade.html,9011,
final/Unsorted/JSON,\\dlowenas\brain\apps\paper-intelligence-suite-python\OUTPUT\mda_math_translation_full61_20260530_053137\01_OUTBOX_REPORTS\MDA-028-phantom-money.paper-grade.json,\\dlowenas\brain\apps\paper-intelligence-suite-python\OUTPUT\mda_math_translation_full61_20260530_053137\03_FINAL_READY\Unsorted\MDA-028-phantom-money\JSON\MDA-028-phantom-money.paper-grade.json,25691,
final/Unsorted/LOSSLESS_SUMMARY,\\dlowenas\brain\apps\paper-intelligence-suite-python\OUTPUT\mda_math_translation_full61_20260530_053137\01_OUTBOX_REPORTS\MDA-028-phantom-money.paper-grade.json,\\dlowenas\brain\apps\paper-intelligence-suite-python\OUTPUT\mda_math_translation_full61_20260530_053137\03_FINAL_READY\Unsorted\MDA-028-phantom-money\LOSSLESS_SUMMARY\MDA-028-phantom-money.lossless-summary.md,20626,
final/Unsorted/HTML,\\dlowenas\brain\apps\paper-intelligence-suite-python\OUTPUT\mda_math_translation_full61_20260530_053137\01_OUTBOX_REPORTS\MDA-028-phantom-money.paper-grade.json,\\dlowenas\brain\apps\paper-intelligence-suite-python\OUTPUT\mda_math_translation_full61_20260530_053137\03_FINAL_READY\Unsorted\MDA-028-phantom-money\HTML\MDA-028-phantom-money.paper-grade-dashboard.html,11725,rendered
final/Unsorted/EXCEL,\\dlowenas\brain\apps\paper-intelligence-suite-python\OUTPUT\mda_math_translation_full61_20260530_053137\01_OUTBOX_REPORTS\MDA-028-phantom-money.paper-grade.json,\\dlowenas\brain\apps\paper-intelligence-suite-python\OUTPUT\mda_math_translation_full61_20260530_053137\03_FINAL_READY\Unsorted\MDA-028-phantom-money\EXCEL\MDA-028-phantom-money.paper-grade.review.xlsx,17622,rendered
final/Unsorted/MARKDOWN,\\dlowenas\brain\apps\paper-intelligence-suite-python\OUTPUT\mda_math_translation_full61_20260530_053137\01_OUTBOX_REPORTS\MDA-028-phantom-money.paper-grade.md,\\dlowenas\brain\apps\paper-intelligence-suite-python\OUTPUT\mda_math_translation_full61_20260530_053137\03_FINAL_READY\Unsorted\MDA-028-phantom-money\MARKDOWN\MDA-028-phantom-money.paper-grade.md,4446,
final/Unsorted/EXCEL,\\dlowenas\brain\apps\paper-intelligence-suite-python\OUTPUT\mda_math_translation_full61_20260530_053137\01_OUTBOX_REPORTS\MDA-028-phantom-money.paper-grade.xlsx,\\dlowenas\brain\apps\paper-intelligence-suite-python\OUTPUT\mda_math_translation_full61_20260530_053137\03_FINAL_READY\Unsorted\MDA-028-phantom-money\EXCEL\MDA-028-phantom-money.paper-grade.xlsx,12834,
final/Unsorted/CLAIMS,\\dlowenas\brain\apps\paper-intelligence-suite-python\OUTPUT\mda_math_translation_full61_20260530_053137\01_OUTBOX_REPORTS\MDA-029-observer-collapsed.claim-audit.csv,\\dlowenas\brain\apps\paper-intelligence-suite-python\OUTPUT\mda_math_translation_full61_20260530_053137\03_FINAL_READY\Unsorted\MDA-029-observer-collapsed\CLAIMS\MDA-029-observer-collapsed.claim-audit.csv,4000,
html,\\dlowenas\brain\apps\paper-intelligence-suite-python\OUTPUT\mda_math_translation_full61_20260530_053137\01_OUTBOX_REPORTS\MDA-029-observer-collapsed.paper-grade.html,\\dlowenas\brain\apps\paper-intelligence-suite-python\OUTPUT\mda_math_translation_full61_20260530_053137\02_HTML_OUTPUTS\MDA-029-observer-collapsed.paper-grade.html,7980,
final/Unsorted/HTML,\\dlowenas\brain\apps\paper-intelligence-suite-python\OUTPUT\mda_math_translation_full61_20260530_053137\01_OUTBOX_REPORTS\MDA-029-observer-collapsed.paper-grade.html,\\dlowenas\brain\apps\paper-intelligence-suite-python\OUTPUT\mda_math_translation_full61_20260530_053137\03_FINAL_READY\Unsorted\MDA-029-observer-collapsed\HTML\MDA-029-observer-collapsed.paper-grade.html,7980,
final/Unsorted/JSON,\\dlowenas\brain\apps\paper-intelligence-suite-python\OUTPUT\mda_math_translation_full61_20260530_053137\01_OUTBOX_REPORTS\MDA-029-observer-collapsed.paper-grade.json,\\dlowenas\brain\apps\paper-intelligence-suite-python\OUTPUT\mda_math_translation_full61_20260530_053137\03_FINAL_READY\Unsorted\MDA-029-observer-collapsed\JSON\MDA-029-observer-collapsed.paper-grade.json,22314,
final/Unsorted/LOSSLESS_SUMMARY,\\dlowenas\brain\apps\paper-intelligence-suite-python\OUTPUT\mda_math_translation_full61_20260530_053137\01_OUTBOX_REPORTS\MDA-029-observer-collapsed.paper-grade.json,\\dlowenas\brain\apps\paper-intelligence-suite-python\OUTPUT\mda_math_translation_full61_20260530_053137\03_FINAL_READY\Unsorted\MDA-029-observer-collapsed\LOSSLESS_SUMMARY\MDA-029-observer-collapsed.lossless-summary.md,17282,
final/Unsorted/HTML,\\dlowenas\brain\apps\paper-intelligence-suite-python\OUTPUT\mda_math_translation_full61_20260530_053137\01_OUTBOX_REPORTS\MDA-029-observer-collapsed.paper-grade.json,\\dlowenas\brain\apps\paper-intelligence-suite-python\OUTPUT\mda_math_translation_full61_20260530_053137\03_FINAL_READY\Unsorted\MDA-029-observer-collapsed\HTML\MDA-029-observer-collapsed.paper-grade-dashboard.html,10567,rendered
final/Unsorted/EXCEL,\\dlowenas\brain\apps\paper-intelligence-suite-python\OUTPUT\mda_math_translation_full61_20260530_053137\01_OUTBOX_REPORTS\MDA-029-observer-collapsed.paper-grade.json,\\dlowenas\brain\apps\paper-intelligence-suite-python\OUTPUT\mda_math_translation_full61_20260530_053137\03_FINAL_READY\Unsorted\MDA-029-observer-collapsed\EXCEL\MDA-029-observer-collapsed.paper-grade.review.xlsx,16098,rendered
final/Unsorted/MARKDOWN,\\dlowenas\brain\apps\paper-intelligence-suite-python\OUTPUT\mda_math_translation_full61_20260530_053137\01_OUTBOX_REPORTS\MDA-029-observer-collapsed.paper-grade.md,\\dlowenas\brain\apps\paper-intelligence-suite-python\OUTPUT\mda_math_translation_full61_20260530_053137\03_FINAL_READY\Unsorted\MDA-029-observer-collapsed\MARKDOWN\MDA-029-observer-collapsed.paper-grade.md,3127,
final/Unsorted/EXCEL,\\dlowenas\brain\apps\paper-intelligence-suite-python\OUTPUT\mda_math_translation_full61_20260530_053137\01_OUTBOX_REPORTS\MDA-029-observer-collapsed.paper-grade.xlsx,\\dlowenas\brain\apps\paper-intelligence-suite-python\OUTPUT\mda_math_translation_full61_20260530_053137\03_FINAL_READY\Unsorted\MDA-029-observer-collapsed\EXCEL\MDA-029-observer-collapsed.paper-grade.xlsx,11309,
final/Unsorted/CLAIMS,\\dlowenas\brain\apps\paper-intelligence-suite-python\OUTPUT\mda_math_translation_full61_20260530_053137\01_OUTBOX_REPORTS\MDA-030-trinity-mechanism.claim-audit.csv,\\dlowenas\brain\apps\paper-intelligence-suite-python\OUTPUT\mda_math_translation_full61_20260530_053137\03_FINAL_READY\Unsorted\MDA-030-trinity-mechanism\CLAIMS\MDA-030-trinity-mechanism.claim-audit.csv,4895,
html,\\dlowenas\brain\apps\paper-intelligence-suite-python\OUTPUT\mda_math_translation_full61_20260530_053137\01_OUTBOX_REPORTS\MDA-030-trinity-mechanism.paper-grade.html,\\dlowenas\brain\apps\paper-intelligence-suite-python\OUTPUT\mda_math_translation_full61_20260530_053137\02_HTML_OUTPUTS\MDA-030-trinity-mechanism.paper-grade.html,8538,
final/Unsorted/HTML,\\dlowenas\brain\apps\paper-intelligence-suite-python\OUTPUT\mda_math_translation_full61_20260530_053137\01_OUTBOX_REPORTS\MDA-030-trinity-mechanism.paper-grade.html,\\dlowenas\brain\apps\paper-intelligence-suite-python\OUTPUT\mda_math_translation_full61_20260530_053137\03_FINAL_READY\Unsorted\MDA-030-trinity-mechanism\HTML\MDA-030-trinity-mechanism.paper-grade.html,8538,
final/Unsorted/JSON,\\dlowenas\brain\apps\paper-intelligence-suite-python\OUTPUT\mda_math_translation_full61_20260530_053137\01_OUTBOX_REPORTS\MDA-030-trinity-mechanism.paper-grade.json,\\dlowenas\brain\apps\paper-intelligence-suite-python\OUTPUT\mda_math_translation_full61_20260530_053137\03_FINAL_READY\Unsorted\MDA-030-trinity-mechanism\JSON\MDA-030-trinity-mechanism.paper-grade.json,24290,
final/Unsorted/LOSSLESS_SUMMARY,\\dlowenas\brain\apps\paper-intelligence-suite-python\OUTPUT\mda_math_translation_full61_20260530_053137\01_OUTBOX_REPORTS\MDA-030-trinity-mechanism.paper-grade.json,\\dlowenas\brain\apps\paper-intelligence-suite-python\OUTPUT\mda_math_translation_full61_20260530_053137\03_FINAL_READY\Unsorted\MDA-030-trinity-mechanism\LOSSLESS_SUMMARY\MDA-030-trinity-mechanism.lossless-summary.md,20218,
final/Unsorted/HTML,\\dlowenas\brain\apps\paper-intelligence-suite-python\OUTPUT\mda_math_translation_full61_20260530_053137\01_OUTBOX_REPORTS\MDA-030-trinity-mechanism.paper-grade.json,\\dlowenas\brain\apps\paper-intelligence-suite-python\OUTPUT\mda_math_translation_full61_20260530_053137\03_FINAL_READY\Unsorted\MDA-030-trinity-mechanism\HTML\MDA-030-trinity-mechanism.paper-grade-dashboard.html,11409,rendered
final/Unsorted/EXCEL,\\dlowenas\brain\apps\paper-intelligence-suite-python\OUTPUT\mda_math_translation_full61_20260530_053137\01_OUTBOX_REPORTS\MDA-030-trinity-mechanism.paper-grade.json,\\dlowenas\brain\apps\paper-intelligence-suite-python\OUTPUT\mda_math_translation_full61_20260530_053137\03_FINAL_READY\Unsorted\MDA-030-trinity-mechanism\EXCEL\MDA-030-trinity-mechanism.paper-grade.review.xlsx,17173,rendered
final/Unsorted/MARKDOWN,\\dlowenas\brain\apps\paper-intelligence-suite-python\OUTPUT\mda_math_translation_full61_20260530_053137\01_OUTBOX_REPORTS\MDA-030-trinity-mechanism.paper-grade.md,\\dlowenas\brain\apps\paper-intelligence-suite-python\OUTPUT\mda_math_translation_full61_20260530_053137\03_FINAL_READY\Unsorted\MDA-030-trinity-mechanism\MARKDOWN\MDA-030-trinity-mechanism.paper-grade.md,3830,
final/Unsorted/EXCEL,\\dlowenas\brain\apps\paper-intelligence-suite-python\OUTPUT\mda_math_translation_full61_20260530_053137\01_OUTBOX_REPORTS\MDA-030-trinity-mechanism.paper-grade.xlsx,\\dlowenas\brain\apps\paper-intelligence-suite-python\OUTPUT\mda_math_translation_full61_20260530_053137\03_FINAL_READY\Unsorted\MDA-030-trinity-mechanism\EXCEL\MDA-030-trinity-mechanism.paper-grade.xlsx,12312,
final/Unsorted/CLAIMS,\\dlowenas\brain\apps\paper-intelligence-suite-python\OUTPUT\mda_math_translation_full61_20260530_053137\01_OUTBOX_REPORTS\MDA-031-jacob-1998.claim-audit.csv,\\dlowenas\brain\apps\paper-intelligence-suite-python\OUTPUT\mda_math_translation_full61_20260530_053137\03_FINAL_READY\Unsorted\MDA-031-jacob-1998\CLAIMS\MDA-031-jacob-1998.claim-audit.csv,5522,
html,\\dlowenas\brain\apps\paper-intelligence-suite-python\OUTPUT\mda_math_translation_full61_20260530_053137\01_OUTBOX_REPORTS\MDA-031-jacob-1998.paper-grade.html,\\dlowenas\brain\apps\paper-intelligence-suite-python\OUTPUT\mda_math_translation_full61_20260530_053137\02_HTML_OUTPUTS\MDA-031-jacob-1998.paper-grade.html,8759,
final/Unsorted/HTML,\\dlowenas\brain\apps\paper-intelligence-suite-python\OUTPUT\mda_math_translation_full61_20260530_053137\01_OUTBOX_REPORTS\MDA-031-jacob-1998.paper-grade.html,\\dlowenas\brain\apps\paper-intelligence-suite-python\OUTPUT\mda_math_translation_full61_20260530_053137\03_FINAL_READY\Unsorted\MDA-031-jacob-1998\HTML\MDA-031-jacob-1998.paper-grade.html,8759,
final/Unsorted/JSON,\\dlowenas\brain\apps\paper-intelligence-suite-python\OUTPUT\mda_math_translation_full61_20260530_053137\01_OUTBOX_REPORTS\MDA-031-jacob-1998.paper-grade.json,\\dlowenas\brain\apps\paper-intelligence-suite-python\OUTPUT\mda_math_translation_full61_20260530_053137\03_FINAL_READY\Unsorted\MDA-031-jacob-1998\JSON\MDA-031-jacob-1998.paper-grade.json,28783,
final/Unsorted/LOSSLESS_SUMMARY,\\dlowenas\brain\apps\paper-intelligence-suite-python\OUTPUT\mda_math_translation_full61_20260530_053137\01_OUTBOX_REPORTS\MDA-031-jacob-1998.paper-grade.json,\\dlowenas\brain\apps\paper-intelligence-suite-python\OUTPUT\mda_math_translation_full61_20260530_053137\03_FINAL_READY\Unsorted\MDA-031-jacob-1998\LOSSLESS_SUMMARY\MDA-031-jacob-1998.lossless-summary.md,25341,
final/Unsorted/HTML,\\dlowenas\brain\apps\paper-intelligence-suite-python\OUTPUT\mda_math_translation_full61_20260530_053137\01_OUTBOX_REPORTS\MDA-031-jacob-1998.paper-grade.json,\\dlowenas\brain\apps\paper-intelligence-suite-python\OUTPUT\mda_math_translation_full61_20260530_053137\03_FINAL_READY\Unsorted\MDA-031-jacob-1998\HTML\MDA-031-jacob-1998.paper-grade-dashboard.html,11485,rendered
final/Unsorted/EXCEL,\\dlowenas\brain\apps\paper-intelligence-suite-python\OUTPUT\mda_math_translation_full61_20260530_053137\01_OUTBOX_REPORTS\MDA-031-jacob-1998.paper-grade.json,\\dlowenas\brain\apps\paper-intelligence-suite-python\OUTPUT\mda_math_translation_full61_20260530_053137\03_FINAL_READY\Unsorted\MDA-031-jacob-1998\EXCEL\MDA-031-jacob-1998.paper-grade.review.xlsx,13985,rendered
final/Unsorted/MARKDOWN,\\dlowenas\brain\apps\paper-intelligence-suite-python\OUTPUT\mda_math_translation_full61_20260530_053137\01_OUTBOX_REPORTS\MDA-031-jacob-1998.paper-grade.md,\\dlowenas\brain\apps\paper-intelligence-suite-python\OUTPUT\mda_math_translation_full61_20260530_053137\03_FINAL_READY\Unsorted\MDA-031-jacob-1998\MARKDOWN\MDA-031-jacob-1998.paper-grade.md,4238,
final/Unsorted/EXCEL,\\dlowenas\brain\apps\paper-intelligence-suite-python\OUTPUT\mda_math_translation_full61_20260530_053137\01_OUTBOX_REPORTS\MDA-031-jacob-1998.paper-grade.xlsx,\\dlowenas\brain\apps\paper-intelligence-suite-python\OUTPUT\mda_math_translation_full61_20260530_053137\03_FINAL_READY\Unsorted\MDA-031-jacob-1998\EXCEL\MDA-031-jacob-1998.paper-grade.xlsx,9216,
final/Unsorted/CLAIMS,\\dlowenas\brain\apps\paper-intelligence-suite-python\OUTPUT\mda_math_translation_full61_20260530_053137\01_OUTBOX_REPORTS\MDA-032-why-bad-is-easier.claim-audit.csv,\\dlowenas\brain\apps\paper-intelligence-suite-python\OUTPUT\mda_math_translation_full61_20260530_053137\03_FINAL_READY\Unsorted\MDA-032-why-bad-is-easier\CLAIMS\MDA-032-why-bad-is-easier.claim-audit.csv,3946,
html,\\dlowenas\brain\apps\paper-intelligence-suite-python\OUTPUT\mda_math_translation_full61_20260530_053137\01_OUTBOX_REPORTS\MDA-032-why-bad-is-easier.paper-grade.html,\\dlowenas\brain\apps\paper-intelligence-suite-python\OUTPUT\mda_math_translation_full61_20260530_053137\02_HTML_OUTPUTS\MDA-032-why-bad-is-easier.paper-grade.html,7876,
final/Unsorted/HTML,\\dlowenas\brain\apps\paper-intelligence-suite-python\OUTPUT\mda_math_translation_full61_20260530_053137\01_OUTBOX_REPORTS\MDA-032-why-bad-is-easier.paper-grade.html,\\dlowenas\brain\apps\paper-intelligence-suite-python\OUTPUT\mda_math_translation_full61_20260530_053137\03_FINAL_READY\Unsorted\MDA-032-why-bad-is-easier\HTML\MDA-032-why-bad-is-easier.paper-grade.html,7876,
final/Unsorted/JSON,\\dlowenas\brain\apps\paper-intelligence-suite-python\OUTPUT\mda_math_translation_full61_20260530_053137\01_OUTBOX_REPORTS\MDA-032-why-bad-is-easier.paper-grade.json,\\dlowenas\brain\apps\paper-intelligence-suite-python\OUTPUT\mda_math_translation_full61_20260530_053137\03_FINAL_READY\Unsorted\MDA-032-why-bad-is-easier\JSON\MDA-032-why-bad-is-easier.paper-grade.json,15104,
final/Unsorted/LOSSLESS_SUMMARY,\\dlowenas\brain\apps\paper-intelligence-suite-python\OUTPUT\mda_math_translation_full61_20260530_053137\01_OUTBOX_REPORTS\MDA-032-why-bad-is-easier.paper-grade.json,\\dlowenas\brain\apps\paper-intelligence-suite-python\OUTPUT\mda_math_translation_full61_20260530_053137\03_FINAL_READY\Unsorted\MDA-032-why-bad-is-easier\LOSSLESS_SUMMARY\MDA-032-why-bad-is-easier.lossless-summary.md,12185,
final/Unsorted/HTML,\\dlowenas\brain\apps\paper-intelligence-suite-python\OUTPUT\mda_math_translation_full61_20260530_053137\01_OUTBOX_REPORTS\MDA-032-why-bad-is-easier.paper-grade.json,\\dlowenas\brain\apps\paper-intelligence-suite-python\OUTPUT\mda_math_translation_full61_20260530_053137\03_FINAL_READY\Unsorted\MDA-032-why-bad-is-easier\HTML\MDA-032-why-bad-is-easier.paper-grade-dashboard.html,10441,rendered
final/Unsorted/EXCEL,\\dlowenas\brain\apps\paper-intelligence-suite-python\OUTPUT\mda_math_translation_full61_20260530_053137\01_OUTBOX_REPORTS\MDA-032-why-bad-is-easier.paper-grade.json,\\dlowenas\brain\apps\paper-intelligence-suite-python\OUTPUT\mda_math_translation_full61_20260530_053137\03_FINAL_READY\Unsorted\MDA-032-why-bad-is-easier\EXCEL\MDA-032-why-bad-is-easier.paper-grade.review.xlsx,13705,rendered
final/Unsorted/MARKDOWN,\\dlowenas\brain\apps\paper-intelligence-suite-python\OUTPUT\mda_math_translation_full61_20260530_053137\01_OUTBOX_REPORTS\MDA-032-why-bad-is-easier.paper-grade.md,\\dlowenas\brain\apps\paper-intelligence-suite-python\OUTPUT\mda_math_translation_full61_20260530_053137\03_FINAL_READY\Unsorted\MDA-032-why-bad-is-easier\MARKDOWN\MDA-032-why-bad-is-easier.paper-grade.md,3052,
final/Unsorted/EXCEL,\\dlowenas\brain\apps\paper-intelligence-suite-python\OUTPUT\mda_math_translation_full61_20260530_053137\01_OUTBOX_REPORTS\MDA-032-why-bad-is-easier.paper-grade.xlsx,\\dlowenas\brain\apps\paper-intelligence-suite-python\OUTPUT\mda_math_translation_full61_20260530_053137\03_FINAL_READY\Unsorted\MDA-032-why-bad-is-easier\EXCEL\MDA-032-why-bad-is-easier.paper-grade.xlsx,8915,
final/Unsorted/CLAIMS,\\dlowenas\brain\apps\paper-intelligence-suite-python\OUTPUT\mda_math_translation_full61_20260530_053137\01_OUTBOX_REPORTS\MDA-033-entropic-society.claim-audit.csv,\\dlowenas\brain\apps\paper-intelligence-suite-python\OUTPUT\mda_math_translation_full61_20260530_053137\03_FINAL_READY\Unsorted\MDA-033-entropic-society\CLAIMS\MDA-033-entropic-society.claim-audit.csv,17041,
html,\\dlowenas\brain\apps\paper-intelligence-suite-python\OUTPUT\mda_math_translation_full61_20260530_053137\01_OUTBOX_REPORTS\MDA-033-entropic-society.paper-grade.html,\\dlowenas\brain\apps\paper-intelligence-suite-python\OUTPUT\mda_math_translation_full61_20260530_053137\02_HTML_OUTPUTS\MDA-033-entropic-society.paper-grade.html,16740,
final/Unsorted/HTML,\\dlowenas\brain\apps\paper-intelligence-suite-python\OUTPUT\mda_math_translation_full61_20260530_053137\01_OUTBOX_REPORTS\MDA-033-entropic-society.paper-grade.html,\\dlowenas\brain\apps\paper-intelligence-suite-python\OUTPUT\mda_math_translation_full61_20260530_053137\03_FINAL_READY\Unsorted\MDA-033-entropic-society\HTML\MDA-033-entropic-society.paper-grade.html,16740,
final/Unsorted/JSON,\\dlowenas\brain\apps\paper-intelligence-suite-python\OUTPUT\mda_math_translation_full61_20260530_053137\01_OUTBOX_REPORTS\MDA-033-entropic-society.paper-grade.json,\\dlowenas\brain\apps\paper-intelligence-suite-python\OUTPUT\mda_math_translation_full61_20260530_053137\03_FINAL_READY\Unsorted\MDA-033-entropic-society\JSON\MDA-033-entropic-society.paper-grade.json,62415,
final/Unsorted/LOSSLESS_SUMMARY,\\dlowenas\brain\apps\paper-intelligence-suite-python\OUTPUT\mda_math_translation_full61_20260530_053137\01_OUTBOX_REPORTS\MDA-033-entropic-society.paper-grade.json,\\dlowenas\brain\apps\paper-intelligence-suite-python\OUTPUT\mda_math_translation_full61_20260530_053137\03_FINAL_READY\Unsorted\MDA-033-entropic-society\LOSSLESS_SUMMARY\MDA-033-entropic-society.lossless-summary.md,52830,
final/Unsorted/HTML,\\dlowenas\brain\apps\paper-intelligence-suite-python\OUTPUT\mda_math_translation_full61_20260530_053137\01_OUTBOX_REPORTS\MDA-033-entropic-society.paper-grade.json,\\dlowenas\brain\apps\paper-intelligence-suite-python\OUTPUT\mda_math_translation_full61_20260530_053137\03_FINAL_READY\Unsorted\MDA-033-entropic-society\HTML\MDA-033-entropic-society.paper-grade-dashboard.html,20304,rendered
final/Unsorted/EXCEL,\\dlowenas\brain\apps\paper-intelligence-suite-python\OUTPUT\mda_math_translation_full61_20260530_053137\01_OUTBOX_REPORTS\MDA-033-entropic-society.paper-grade.json,\\dlowenas\brain\apps\paper-intelligence-suite-python\OUTPUT\mda_math_translation_full61_20260530_053137\03_FINAL_READY\Unsorted\MDA-033-entropic-society\EXCEL\MDA-033-entropic-society.paper-grade.review.xlsx,23107,rendered
final/Unsorted/MARKDOWN,\\dlowenas\brain\apps\paper-intelligence-suite-python\OUTPUT\mda_math_translation_full61_20260530_053137\01_OUTBOX_REPORTS\MDA-033-entropic-society.paper-grade.md,\\dlowenas\brain\apps\paper-intelligence-suite-python\OUTPUT\mda_math_translation_full61_20260530_053137\03_FINAL_READY\Unsorted\MDA-033-entropic-society\MARKDOWN\MDA-033-entropic-society.paper-grade.md,13759,
final/Unsorted/EXCEL,\\dlowenas\brain\apps\paper-intelligence-suite-python\OUTPUT\mda_math_translation_full61_20260530_053137\01_OUTBOX_REPORTS\MDA-033-entropic-society.paper-grade.xlsx,\\dlowenas\brain\apps\paper-intelligence-suite-python\OUTPUT\mda_math_translation_full61_20260530_053137\03_FINAL_READY\Unsorted\MDA-033-entropic-society\EXCEL\MDA-033-entropic-society.paper-grade.xlsx,18224,
final/Unsorted/CLAIMS,\\dlowenas\brain\apps\paper-intelligence-suite-python\OUTPUT\mda_math_translation_full61_20260530_053137\01_OUTBOX_REPORTS\MDA-034-technology-entropy.claim-audit.csv,\\dlowenas\brain\apps\paper-intelligence-suite-python\OUTPUT\mda_math_translation_full61_20260530_053137\03_FINAL_READY\Unsorted\MDA-034-technology-entropy\CLAIMS\MDA-034-technology-entropy.claim-audit.csv,5642,
html,\\dlowenas\brain\apps\paper-intelligence-suite-python\OUTPUT\mda_math_translation_full61_20260530_053137\01_OUTBOX_REPORTS\MDA-034-technology-entropy.paper-grade.html,\\dlowenas\brain\apps\paper-intelligence-suite-python\OUTPUT\mda_math_translation_full61_20260530_053137\02_HTML_OUTPUTS\MDA-034-technology-entropy.paper-grade.html,9213,
final/Unsorted/HTML,\\dlowenas\brain\apps\paper-intelligence-suite-python\OUTPUT\mda_math_translation_full61_20260530_053137\01_OUTBOX_REPORTS\MDA-034-technology-entropy.paper-grade.html,\\dlowenas\brain\apps\paper-intelligence-suite-python\OUTPUT\mda_math_translation_full61_20260530_053137\03_FINAL_READY\Unsorted\MDA-034-technology-entropy\HTML\MDA-034-technology-entropy.paper-grade.html,9213,
final/Unsorted/JSON,\\dlowenas\brain\apps\paper-intelligence-suite-python\OUTPUT\mda_math_translation_full61_20260530_053137\01_OUTBOX_REPORTS\MDA-034-technology-entropy.paper-grade.json,\\dlowenas\brain\apps\paper-intelligence-suite-python\OUTPUT\mda_math_translation_full61_20260530_053137\03_FINAL_READY\Unsorted\MDA-034-technology-entropy\JSON\MDA-034-technology-entropy.paper-grade.json,30403,
final/Unsorted/LOSSLESS_SUMMARY,\\dlowenas\brain\apps\paper-intelligence-suite-python\OUTPUT\mda_math_translation_full61_20260530_053137\01_OUTBOX_REPORTS\MDA-034-technology-entropy.paper-grade.json,\\dlowenas\brain\apps\paper-intelligence-suite-python\OUTPUT\mda_math_translation_full61_20260530_053137\03_FINAL_READY\Unsorted\MDA-034-technology-entropy\LOSSLESS_SUMMARY\MDA-034-technology-entropy.lossless-summary.md,24758,
final/Unsorted/HTML,\\dlowenas\brain\apps\paper-intelligence-suite-python\OUTPUT\mda_math_translation_full61_20260530_053137\01_OUTBOX_REPORTS\MDA-034-technology-entropy.paper-grade.json,\\dlowenas\brain\apps\paper-intelligence-suite-python\OUTPUT\mda_math_translation_full61_20260530_053137\03_FINAL_READY\Unsorted\MDA-034-technology-entropy\HTML\MDA-034-technology-entropy.paper-grade-dashboard.html,11865,rendered
final/Unsorted/EXCEL,\\dlowenas\brain\apps\paper-intelligence-suite-python\OUTPUT\mda_math_translation_full61_20260530_053137\01_OUTBOX_REPORTS\MDA-034-technology-entropy.paper-grade.json,\\dlowenas\brain\apps\paper-intelligence-suite-python\OUTPUT\mda_math_translation_full61_20260530_053137\03_FINAL_READY\Unsorted\MDA-034-technology-entropy\EXCEL\MDA-034-technology-entropy.paper-grade.review.xlsx,18209,rendered
final/Unsorted/MARKDOWN,\\dlowenas\brain\apps\paper-intelligence-suite-python\OUTPUT\mda_math_translation_full61_20260530_053137\01_OUTBOX_REPORTS\MDA-034-technology-entropy.paper-grade.md,\\dlowenas\brain\apps\paper-intelligence-suite-python\OUTPUT\mda_math_translation_full61_20260530_053137\03_FINAL_READY\Unsorted\MDA-034-technology-entropy\MARKDOWN\MDA-034-technology-entropy.paper-grade.md,4562,
final/Unsorted/EXCEL,\\dlowenas\brain\apps\paper-intelligence-suite-python\OUTPUT\mda_math_translation_full61_20260530_053137\01_OUTBOX_REPORTS\MDA-034-technology-entropy.paper-grade.xlsx,\\dlowenas\brain\apps\paper-intelligence-suite-python\OUTPUT\mda_math_translation_full61_20260530_053137\03_FINAL_READY\Unsorted\MDA-034-technology-entropy\EXCEL\MDA-034-technology-entropy.paper-grade.xlsx,13400,
final/Unsorted/CLAIMS,\\dlowenas\brain\apps\paper-intelligence-suite-python\OUTPUT\mda_math_translation_full61_20260530_053137\01_OUTBOX_REPORTS\MDA-035-great-reconfiguration.claim-audit.csv,\\dlowenas\brain\apps\paper-intelligence-suite-python\OUTPUT\mda_math_translation_full61_20260530_053137\03_FINAL_READY\Unsorted\MDA-035-great-reconfiguration\CLAIMS\MDA-035-great-reconfiguration.claim-audit.csv,11013,
html,\\dlowenas\brain\apps\paper-intelligence-suite-python\OUTPUT\mda_math_translation_full61_20260530_053137\01_OUTBOX_REPORTS\MDA-035-great-reconfiguration.paper-grade.html,\\dlowenas\brain\apps\paper-intelligence-suite-python\OUTPUT\mda_math_translation_full61_20260530_053137\02_HTML_OUTPUTS\MDA-035-great-reconfiguration.paper-grade.html,12584,
final/Unsorted/HTML,\\dlowenas\brain\apps\paper-intelligence-suite-python\OUTPUT\mda_math_translation_full61_20260530_053137\01_OUTBOX_REPORTS\MDA-035-great-reconfiguration.paper-grade.html,\\dlowenas\brain\apps\paper-intelligence-suite-python\OUTPUT\mda_math_translation_full61_20260530_053137\03_FINAL_READY\Unsorted\MDA-035-great-reconfiguration\HTML\MDA-035-great-reconfiguration.paper-grade.html,12584,
final/Unsorted/JSON,\\dlowenas\brain\apps\paper-intelligence-suite-python\OUTPUT\mda_math_translation_full61_20260530_053137\01_OUTBOX_REPORTS\MDA-035-great-reconfiguration.paper-grade.json,\\dlowenas\brain\apps\paper-intelligence-suite-python\OUTPUT\mda_math_translation_full61_20260530_053137\03_FINAL_READY\Unsorted\MDA-035-great-reconfiguration\JSON\MDA-035-great-reconfiguration.paper-grade.json,49765,
final/Unsorted/LOSSLESS_SUMMARY,\\dlowenas\brain\apps\paper-intelligence-suite-python\OUTPUT\mda_math_translation_full61_20260530_053137\01_OUTBOX_REPORTS\MDA-035-great-reconfiguration.paper-grade.json,\\dlowenas\brain\apps\paper-intelligence-suite-python\OUTPUT\mda_math_translation_full61_20260530_053137\03_FINAL_READY\Unsorted\MDA-035-great-reconfiguration\LOSSLESS_SUMMARY\MDA-035-great-reconfiguration.lossless-summary.md,38590,
final/Unsorted/HTML,\\dlowenas\brain\apps\paper-intelligence-suite-python\OUTPUT\mda_math_translation_full61_20260530_053137\01_OUTBOX_REPORTS\MDA-035-great-reconfiguration.paper-grade.json,\\dlowenas\brain\apps\paper-intelligence-suite-python\OUTPUT\mda_math_translation_full61_20260530_053137\03_FINAL_READY\Unsorted\MDA-035-great-reconfiguration\HTML\MDA-035-great-reconfiguration.paper-grade-dashboard.html,15608,rendered
final/Unsorted/EXCEL,\\dlowenas\brain\apps\paper-intelligence-suite-python\OUTPUT\mda_math_translation_full61_20260530_053137\01_OUTBOX_REPORTS\MDA-035-great-reconfiguration.paper-grade.json,\\dlowenas\brain\apps\paper-intelligence-suite-python\OUTPUT\mda_math_translation_full61_20260530_053137\03_FINAL_READY\Unsorted\MDA-035-great-reconfiguration\EXCEL\MDA-035-great-reconfiguration.paper-grade.review.xlsx,17322,rendered
final/Unsorted/MARKDOWN,\\dlowenas\brain\apps\paper-intelligence-suite-python\OUTPUT\mda_math_translation_full61_20260530_053137\01_OUTBOX_REPORTS\MDA-035-great-reconfiguration.paper-grade.md,\\dlowenas\brain\apps\paper-intelligence-suite-python\OUTPUT\mda_math_translation_full61_20260530_053137\03_FINAL_READY\Unsorted\MDA-035-great-reconfiguration\MARKDOWN\MDA-035-great-reconfiguration.paper-grade.md,8725,
final/Unsorted/EXCEL,\\dlowenas\brain\apps\paper-intelligence-suite-python\OUTPUT\mda_math_translation_full61_20260530_053137\01_OUTBOX_REPORTS\MDA-035-great-reconfiguration.paper-grade.xlsx,\\dlowenas\brain\apps\paper-intelligence-suite-python\OUTPUT\mda_math_translation_full61_20260530_053137\03_FINAL_READY\Unsorted\MDA-035-great-reconfiguration\EXCEL\MDA-035-great-reconfiguration.paper-grade.xlsx,12533,
final/Unsorted/CLAIMS,\\dlowenas\brain\apps\paper-intelligence-suite-python\OUTPUT\mda_math_translation_full61_20260530_053137\01_OUTBOX_REPORTS\MDA-036-regulatory-impulse-1900.claim-audit.csv,\\dlowenas\brain\apps\paper-intelligence-suite-python\OUTPUT\mda_math_translation_full61_20260530_053137\03_FINAL_READY\Unsorted\MDA-036-regulatory-impulse-1900\CLAIMS\MDA-036-regulatory-impulse-1900.claim-audit.csv,8348,
html,\\dlowenas\brain\apps\paper-intelligence-suite-python\OUTPUT\mda_math_translation_full61_20260530_053137\01_OUTBOX_REPORTS\MDA-036-regulatory-impulse-1900.paper-grade.html,\\dlowenas\brain\apps\paper-intelligence-suite-python\OUTPUT\mda_math_translation_full61_20260530_053137\02_HTML_OUTPUTS\MDA-036-regulatory-impulse-1900.paper-grade.html,11175,
final/Unsorted/HTML,\\dlowenas\brain\apps\paper-intelligence-suite-python\OUTPUT\mda_math_translation_full61_20260530_053137\01_OUTBOX_REPORTS\MDA-036-regulatory-impulse-1900.paper-grade.html,\\dlowenas\brain\apps\paper-intelligence-suite-python\OUTPUT\mda_math_translation_full61_20260530_053137\03_FINAL_READY\Unsorted\MDA-036-regulatory-impulse-1900\HTML\MDA-036-regulatory-impulse-1900.paper-grade.html,11175,
final/Unsorted/JSON,\\dlowenas\brain\apps\paper-intelligence-suite-python\OUTPUT\mda_math_translation_full61_20260530_053137\01_OUTBOX_REPORTS\MDA-036-regulatory-impulse-1900.paper-grade.json,\\dlowenas\brain\apps\paper-intelligence-suite-python\OUTPUT\mda_math_translation_full61_20260530_053137\03_FINAL_READY\Unsorted\MDA-036-regulatory-impulse-1900\JSON\MDA-036-regulatory-impulse-1900.paper-grade.json,51360,
final/Unsorted/LOSSLESS_SUMMARY,\\dlowenas\brain\apps\paper-intelligence-suite-python\OUTPUT\mda_math_translation_full61_20260530_053137\01_OUTBOX_REPORTS\MDA-036-regulatory-impulse-1900.paper-grade.json,\\dlowenas\brain\apps\paper-intelligence-suite-python\OUTPUT\mda_math_translation_full61_20260530_053137\03_FINAL_READY\Unsorted\MDA-036-regulatory-impulse-1900\LOSSLESS_SUMMARY\MDA-036-regulatory-impulse-1900.lossless-summary.md,43407,
final/Unsorted/HTML,\\dlowenas\brain\apps\paper-intelligence-suite-python\OUTPUT\mda_math_translation_full61_20260530_053137\01_OUTBOX_REPORTS\MDA-036-regulatory-impulse-1900.paper-grade.json,\\dlowenas\brain\apps\paper-intelligence-suite-python\OUTPUT\mda_math_translation_full61_20260530_053137\03_FINAL_READY\Unsorted\MDA-036-regulatory-impulse-1900\HTML\MDA-036-regulatory-impulse-1900.paper-grade-dashboard.html,14003,rendered
final/Unsorted/EXCEL,\\dlowenas\brain\apps\paper-intelligence-suite-python\OUTPUT\mda_math_translation_full61_20260530_053137\01_OUTBOX_REPORTS\MDA-036-regulatory-impulse-1900.paper-grade.json,\\dlowenas\brain\apps\paper-intelligence-suite-python\OUTPUT\mda_math_translation_full61_20260530_053137\03_FINAL_READY\Unsorted\MDA-036-regulatory-impulse-1900\EXCEL\MDA-036-regulatory-impulse-1900.paper-grade.review.xlsx,18526,rendered
final/Unsorted/MARKDOWN,\\dlowenas\brain\apps\paper-intelligence-suite-python\OUTPUT\mda_math_translation_full61_20260530_053137\01_OUTBOX_REPORTS\MDA-036-regulatory-impulse-1900.paper-grade.md,\\dlowenas\brain\apps\paper-intelligence-suite-python\OUTPUT\mda_math_translation_full61_20260530_053137\03_FINAL_READY\Unsorted\MDA-036-regulatory-impulse-1900\MARKDOWN\MDA-036-regulatory-impulse-1900.paper-grade.md,6778,
final/Unsorted/EXCEL,\\dlowenas\brain\apps\paper-intelligence-suite-python\OUTPUT\mda_math_translation_full61_20260530_053137\01_OUTBOX_REPORTS\MDA-036-regulatory-impulse-1900.paper-grade.xlsx,\\dlowenas\brain\apps\paper-intelligence-suite-python\OUTPUT\mda_math_translation_full61_20260530_053137\03_FINAL_READY\Unsorted\MDA-036-regulatory-impulse-1900\EXCEL\MDA-036-regulatory-impulse-1900.paper-grade.xlsx,13720,
final/Unsorted/CLAIMS,\\dlowenas\brain\apps\paper-intelligence-suite-python\OUTPUT\mda_math_translation_full61_20260530_053137\01_OUTBOX_REPORTS\MDA-037-biaxiosum-audit.claim-audit.csv,\\dlowenas\brain\apps\paper-intelligence-suite-python\OUTPUT\mda_math_translation_full61_20260530_053137\03_FINAL_READY\Unsorted\MDA-037-biaxiosum-audit\CLAIMS\MDA-037-biaxiosum-audit.claim-audit.csv,10654,
html,\\dlowenas\brain\apps\paper-intelligence-suite-python\OUTPUT\mda_math_translation_full61_20260530_053137\01_OUTBOX_REPORTS\MDA-037-biaxiosum-audit.paper-grade.html,\\dlowenas\brain\apps\paper-intelligence-suite-python\OUTPUT\mda_math_translation_full61_20260530_053137\02_HTML_OUTPUTS\MDA-037-biaxiosum-audit.paper-grade.html,12419,
final/Unsorted/HTML,\\dlowenas\brain\apps\paper-intelligence-suite-python\OUTPUT\mda_math_translation_full61_20260530_053137\01_OUTBOX_REPORTS\MDA-037-biaxiosum-audit.paper-grade.html,\\dlowenas\brain\apps\paper-intelligence-suite-python\OUTPUT\mda_math_translation_full61_20260530_053137\03_FINAL_READY\Unsorted\MDA-037-biaxiosum-audit\HTML\MDA-037-biaxiosum-audit.paper-grade.html,12419,
final/Unsorted/JSON,\\dlowenas\brain\apps\paper-intelligence-suite-python\OUTPUT\mda_math_translation_full61_20260530_053137\01_OUTBOX_REPORTS\MDA-037-biaxiosum-audit.paper-grade.json,\\dlowenas\brain\apps\paper-intelligence-suite-python\OUTPUT\mda_math_translation_full61_20260530_053137\03_FINAL_READY\Unsorted\MDA-037-biaxiosum-audit\JSON\MDA-037-biaxiosum-audit.paper-grade.json,26306,
final/Unsorted/LOSSLESS_SUMMARY,\\dlowenas\brain\apps\paper-intelligence-suite-python\OUTPUT\mda_math_translation_full61_20260530_053137\01_OUTBOX_REPORTS\MDA-037-biaxiosum-audit.paper-grade.json,\\dlowenas\brain\apps\paper-intelligence-suite-python\OUTPUT\mda_math_translation_full61_20260530_053137\03_FINAL_READY\Unsorted\MDA-037-biaxiosum-audit\LOSSLESS_SUMMARY\MDA-037-biaxiosum-audit.lossless-summary.md,22140,
final/Unsorted/HTML,\\dlowenas\brain\apps\paper-intelligence-suite-python\OUTPUT\mda_math_translation_full61_20260530_053137\01_OUTBOX_REPORTS\MDA-037-biaxiosum-audit.paper-grade.json,\\dlowenas\brain\apps\paper-intelligence-suite-python\OUTPUT\mda_math_translation_full61_20260530_053137\03_FINAL_READY\Unsorted\MDA-037-biaxiosum-audit\HTML\MDA-037-biaxiosum-audit.paper-grade-dashboard.html,15510,rendered
final/Unsorted/EXCEL,\\dlowenas\brain\apps\paper-intelligence-suite-python\OUTPUT\mda_math_translation_full61_20260530_053137\01_OUTBOX_REPORTS\MDA-037-biaxiosum-audit.paper-grade.json,\\dlowenas\brain\apps\paper-intelligence-suite-python\OUTPUT\mda_math_translation_full61_20260530_053137\03_FINAL_READY\Unsorted\MDA-037-biaxiosum-audit\EXCEL\MDA-037-biaxiosum-audit.paper-grade.review.xlsx,15311,rendered
final/Unsorted/MARKDOWN,\\dlowenas\brain\apps\paper-intelligence-suite-python\OUTPUT\mda_math_translation_full61_20260530_053137\01_OUTBOX_REPORTS\MDA-037-biaxiosum-audit.paper-grade.md,\\dlowenas\brain\apps\paper-intelligence-suite-python\OUTPUT\mda_math_translation_full61_20260530_053137\03_FINAL_READY\Unsorted\MDA-037-biaxiosum-audit\MARKDOWN\MDA-037-biaxiosum-audit.paper-grade.md,8468,
final/Unsorted/EXCEL,\\dlowenas\brain\apps\paper-intelligence-suite-python\OUTPUT\mda_math_translation_full61_20260530_053137\01_OUTBOX_REPORTS\MDA-037-biaxiosum-audit.paper-grade.xlsx,\\dlowenas\brain\apps\paper-intelligence-suite-python\OUTPUT\mda_math_translation_full61_20260530_053137\03_FINAL_READY\Unsorted\MDA-037-biaxiosum-audit\EXCEL\MDA-037-biaxiosum-audit.paper-grade.xlsx,10562,
final/Unsorted/CLAIMS,\\dlowenas\brain\apps\paper-intelligence-suite-python\OUTPUT\mda_math_translation_full61_20260530_053137\01_OUTBOX_REPORTS\MDA-038-coherence-metric.claim-audit.csv,\\dlowenas\brain\apps\paper-intelligence-suite-python\OUTPUT\mda_math_translation_full61_20260530_053137\03_FINAL_READY\Unsorted\MDA-038-coherence-metric\CLAIMS\MDA-038-coherence-metric.claim-audit.csv,10864,
html,\\dlowenas\brain\apps\paper-intelligence-suite-python\OUTPUT\mda_math_translation_full61_20260530_053137\01_OUTBOX_REPORTS\MDA-038-coherence-metric.paper-grade.html,\\dlowenas\brain\apps\paper-intelligence-suite-python\OUTPUT\mda_math_translation_full61_20260530_053137\02_HTML_OUTPUTS\MDA-038-coherence-metric.paper-grade.html,11974,
final/Unsorted/HTML,\\dlowenas\brain\apps\paper-intelligence-suite-python\OUTPUT\mda_math_translation_full61_20260530_053137\01_OUTBOX_REPORTS\MDA-038-coherence-metric.paper-grade.html,\\dlowenas\brain\apps\paper-intelligence-suite-python\OUTPUT\mda_math_translation_full61_20260530_053137\03_FINAL_READY\Unsorted\MDA-038-coherence-metric\HTML\MDA-038-coherence-metric.paper-grade.html,11974,
final/Unsorted/JSON,\\dlowenas\brain\apps\paper-intelligence-suite-python\OUTPUT\mda_math_translation_full61_20260530_053137\01_OUTBOX_REPORTS\MDA-038-coherence-metric.paper-grade.json,\\dlowenas\brain\apps\paper-intelligence-suite-python\OUTPUT\mda_math_translation_full61_20260530_053137\03_FINAL_READY\Unsorted\MDA-038-coherence-metric\JSON\MDA-038-coherence-metric.paper-grade.json,33666,
final/Unsorted/LOSSLESS_SUMMARY,\\dlowenas\brain\apps\paper-intelligence-suite-python\OUTPUT\mda_math_translation_full61_20260530_053137\01_OUTBOX_REPORTS\MDA-038-coherence-metric.paper-grade.json,\\dlowenas\brain\apps\paper-intelligence-suite-python\OUTPUT\mda_math_translation_full61_20260530_053137\03_FINAL_READY\Unsorted\MDA-038-coherence-metric\LOSSLESS_SUMMARY\MDA-038-coherence-metric.lossless-summary.md,28765,
final/Unsorted/HTML,\\dlowenas\brain\apps\paper-intelligence-suite-python\OUTPUT\mda_math_translation_full61_20260530_053137\01_OUTBOX_REPORTS\MDA-038-coherence-metric.paper-grade.json,\\dlowenas\brain\apps\paper-intelligence-suite-python\OUTPUT\mda_math_translation_full61_20260530_053137\03_FINAL_READY\Unsorted\MDA-038-coherence-metric\HTML\MDA-038-coherence-metric.paper-grade-dashboard.html,15286,rendered
final/Unsorted/EXCEL,\\dlowenas\brain\apps\paper-intelligence-suite-python\OUTPUT\mda_math_translation_full61_20260530_053137\01_OUTBOX_REPORTS\MDA-038-coherence-metric.paper-grade.json,\\dlowenas\brain\apps\paper-intelligence-suite-python\OUTPUT\mda_math_translation_full61_20260530_053137\03_FINAL_READY\Unsorted\MDA-038-coherence-metric\EXCEL\MDA-038-coherence-metric.paper-grade.review.xlsx,17256,rendered
final/Unsorted/MARKDOWN,\\dlowenas\brain\apps\paper-intelligence-suite-python\OUTPUT\mda_math_translation_full61_20260530_053137\01_OUTBOX_REPORTS\MDA-038-coherence-metric.paper-grade.md,\\dlowenas\brain\apps\paper-intelligence-suite-python\OUTPUT\mda_math_translation_full61_20260530_053137\03_FINAL_READY\Unsorted\MDA-038-coherence-metric\MARKDOWN\MDA-038-coherence-metric.paper-grade.md,8358,
final/Unsorted/EXCEL,\\dlowenas\brain\apps\paper-intelligence-suite-python\OUTPUT\mda_math_translation_full61_20260530_053137\01_OUTBOX_REPORTS\MDA-038-coherence-metric.paper-grade.xlsx,\\dlowenas\brain\apps\paper-intelligence-suite-python\OUTPUT\mda_math_translation_full61_20260530_053137\03_FINAL_READY\Unsorted\MDA-038-coherence-metric\EXCEL\MDA-038-coherence-metric.paper-grade.xlsx,12400,
final/Unsorted/CLAIMS,\\dlowenas\brain\apps\paper-intelligence-suite-python\OUTPUT\mda_math_translation_full61_20260530_053137\01_OUTBOX_REPORTS\MDA-039-physics-of-coherence.claim-audit.csv,\\dlowenas\brain\apps\paper-intelligence-suite-python\OUTPUT\mda_math_translation_full61_20260530_053137\03_FINAL_READY\Unsorted\MDA-039-physics-of-coherence\CLAIMS\MDA-039-physics-of-coherence.claim-audit.csv,37,
html,\\dlowenas\brain\apps\paper-intelligence-suite-python\OUTPUT\mda_math_translation_full61_20260530_053137\01_OUTBOX_REPORTS\MDA-039-physics-of-coherence.paper-grade.html,\\dlowenas\brain\apps\paper-intelligence-suite-python\OUTPUT\mda_math_translation_full61_20260530_053137\02_HTML_OUTPUTS\MDA-039-physics-of-coherence.paper-grade.html,6072,
final/Unsorted/HTML,\\dlowenas\brain\apps\paper-intelligence-suite-python\OUTPUT\mda_math_translation_full61_20260530_053137\01_OUTBOX_REPORTS\MDA-039-physics-of-coherence.paper-grade.html,\\dlowenas\brain\apps\paper-intelligence-suite-python\OUTPUT\mda_math_translation_full61_20260530_053137\03_FINAL_READY\Unsorted\MDA-039-physics-of-coherence\HTML\MDA-039-physics-of-coherence.paper-grade.html,6072,
final/Unsorted/JSON,\\dlowenas\brain\apps\paper-intelligence-suite-python\OUTPUT\mda_math_translation_full61_20260530_053137\01_OUTBOX_REPORTS\MDA-039-physics-of-coherence.paper-grade.json,\\dlowenas\brain\apps\paper-intelligence-suite-python\OUTPUT\mda_math_translation_full61_20260530_053137\03_FINAL_READY\Unsorted\MDA-039-physics-of-coherence\JSON\MDA-039-physics-of-coherence.paper-grade.json,3840,
final/Unsorted/LOSSLESS_SUMMARY,\\dlowenas\brain\apps\paper-intelligence-suite-python\OUTPUT\mda_math_translation_full61_20260530_053137\01_OUTBOX_REPORTS\MDA-039-physics-of-coherence.paper-grade.json,\\dlowenas\brain\apps\paper-intelligence-suite-python\OUTPUT\mda_math_translation_full61_20260530_053137\03_FINAL_READY\Unsorted\MDA-039-physics-of-coherence\LOSSLESS_SUMMARY\MDA-039-physics-of-coherence.lossless-summary.md,3343,
final/Unsorted/HTML,\\dlowenas\brain\apps\paper-intelligence-suite-python\OUTPUT\mda_math_translation_full61_20260530_053137\01_OUTBOX_REPORTS\MDA-039-physics-of-coherence.paper-grade.json,\\dlowenas\brain\apps\paper-intelligence-suite-python\OUTPUT\mda_math_translation_full61_20260530_053137\03_FINAL_READY\Unsorted\MDA-039-physics-of-coherence\HTML\MDA-039-physics-of-coherence.paper-grade-dashboard.html,7682,rendered
final/Unsorted/EXCEL,\\dlowenas\brain\apps\paper-intelligence-suite-python\OUTPUT\mda_math_translation_full61_20260530_053137\01_OUTBOX_REPORTS\MDA-039-physics-of-coherence.paper-grade.json,\\dlowenas\brain\apps\paper-intelligence-suite-python\OUTPUT\mda_math_translation_full61_20260530_053137\03_FINAL_READY\Unsorted\MDA-039-physics-of-coherence\EXCEL\MDA-039-physics-of-coherence.paper-grade.review.xlsx,10143,rendered
final/Unsorted/MARKDOWN,\\dlowenas\brain\apps\paper-intelligence-suite-python\OUTPUT\mda_math_translation_full61_20260530_053137\01_OUTBOX_REPORTS\MDA-039-physics-of-coherence.paper-grade.md,\\dlowenas\brain\apps\paper-intelligence-suite-python\OUTPUT\mda_math_translation_full61_20260530_053137\03_FINAL_READY\Unsorted\MDA-039-physics-of-coherence\MARKDOWN\MDA-039-physics-of-coherence.paper-grade.md,477,
final/Unsorted/EXCEL,\\dlowenas\brain\apps\paper-intelligence-suite-python\OUTPUT\mda_math_translation_full61_20260530_053137\01_OUTBOX_REPORTS\MDA-039-physics-of-coherence.paper-grade.xlsx,\\dlowenas\brain\apps\paper-intelligence-suite-python\OUTPUT\mda_math_translation_full61_20260530_053137\03_FINAL_READY\Unsorted\MDA-039-physics-of-coherence\EXCEL\MDA-039-physics-of-coherence.paper-grade.xlsx,5664,
final/Unsorted/CLAIMS,\\dlowenas\brain\apps\paper-intelligence-suite-python\OUTPUT\mda_math_translation_full61_20260530_053137\01_OUTBOX_REPORTS\MDA-040-statistical-synthesis.claim-audit.csv,\\dlowenas\brain\apps\paper-intelligence-suite-python\OUTPUT\mda_math_translation_full61_20260530_053137\03_FINAL_READY\Unsorted\MDA-040-statistical-synthesis\CLAIMS\MDA-040-statistical-synthesis.claim-audit.csv,7213,
html,\\dlowenas\brain\apps\paper-intelligence-suite-python\OUTPUT\mda_math_translation_full61_20260530_053137\01_OUTBOX_REPORTS\MDA-040-statistical-synthesis.paper-grade.html,\\dlowenas\brain\apps\paper-intelligence-suite-python\OUTPUT\mda_math_translation_full61_20260530_053137\02_HTML_OUTPUTS\MDA-040-statistical-synthesis.paper-grade.html,9698,
final/Unsorted/HTML,\\dlowenas\brain\apps\paper-intelligence-suite-python\OUTPUT\mda_math_translation_full61_20260530_053137\01_OUTBOX_REPORTS\MDA-040-statistical-synthesis.paper-grade.html,\\dlowenas\brain\apps\paper-intelligence-suite-python\OUTPUT\mda_math_translation_full61_20260530_053137\03_FINAL_READY\Unsorted\MDA-040-statistical-synthesis\HTML\MDA-040-statistical-synthesis.paper-grade.html,9698,
final/Unsorted/JSON,\\dlowenas\brain\apps\paper-intelligence-suite-python\OUTPUT\mda_math_translation_full61_20260530_053137\01_OUTBOX_REPORTS\MDA-040-statistical-synthesis.paper-grade.json,\\dlowenas\brain\apps\paper-intelligence-suite-python\OUTPUT\mda_math_translation_full61_20260530_053137\03_FINAL_READY\Unsorted\MDA-040-statistical-synthesis\JSON\MDA-040-statistical-synthesis.paper-grade.json,30397,
final/Unsorted/LOSSLESS_SUMMARY,\\dlowenas\brain\apps\paper-intelligence-suite-python\OUTPUT\mda_math_translation_full61_20260530_053137\01_OUTBOX_REPORTS\MDA-040-statistical-synthesis.paper-grade.json,\\dlowenas\brain\apps\paper-intelligence-suite-python\OUTPUT\mda_math_translation_full61_20260530_053137\03_FINAL_READY\Unsorted\MDA-040-statistical-synthesis\LOSSLESS_SUMMARY\MDA-040-statistical-synthesis.lossless-summary.md,23660,
final/Unsorted/HTML,\\dlowenas\brain\apps\paper-intelligence-suite-python\OUTPUT\mda_math_translation_full61_20260530_053137\01_OUTBOX_REPORTS\MDA-040-statistical-synthesis.paper-grade.json,\\dlowenas\brain\apps\paper-intelligence-suite-python\OUTPUT\mda_math_translation_full61_20260530_053137\03_FINAL_READY\Unsorted\MDA-040-statistical-synthesis\HTML\MDA-040-statistical-synthesis.paper-grade-dashboard.html,12687,rendered
final/Unsorted/EXCEL,\\dlowenas\brain\apps\paper-intelligence-suite-python\OUTPUT\mda_math_translation_full61_20260530_053137\01_OUTBOX_REPORTS\MDA-040-statistical-synthesis.paper-grade.json,\\dlowenas\brain\apps\paper-intelligence-suite-python\OUTPUT\mda_math_translation_full61_20260530_053137\03_FINAL_READY\Unsorted\MDA-040-statistical-synthesis\EXCEL\MDA-040-statistical-synthesis.paper-grade.review.xlsx,17021,rendered
final/Unsorted/MARKDOWN,\\dlowenas\brain\apps\paper-intelligence-suite-python\OUTPUT\mda_math_translation_full61_20260530_053137\01_OUTBOX_REPORTS\MDA-040-statistical-synthesis.paper-grade.md,\\dlowenas\brain\apps\paper-intelligence-suite-python\OUTPUT\mda_math_translation_full61_20260530_053137\03_FINAL_READY\Unsorted\MDA-040-statistical-synthesis\MARKDOWN\MDA-040-statistical-synthesis.paper-grade.md,5519,
final/Unsorted/EXCEL,\\dlowenas\brain\apps\paper-intelligence-suite-python\OUTPUT\mda_math_translation_full61_20260530_053137\01_OUTBOX_REPORTS\MDA-040-statistical-synthesis.paper-grade.xlsx,\\dlowenas\brain\apps\paper-intelligence-suite-python\OUTPUT\mda_math_translation_full61_20260530_053137\03_FINAL_READY\Unsorted\MDA-040-statistical-synthesis\EXCEL\MDA-040-statistical-synthesis.paper-grade.xlsx,12076,
final/Unsorted/CLAIMS,\\dlowenas\brain\apps\paper-intelligence-suite-python\OUTPUT\mda_math_translation_full61_20260530_053137\01_OUTBOX_REPORTS\MDA-041-statistical-spine.claim-audit.csv,\\dlowenas\brain\apps\paper-intelligence-suite-python\OUTPUT\mda_math_translation_full61_20260530_053137\03_FINAL_READY\Unsorted\MDA-041-statistical-spine\CLAIMS\MDA-041-statistical-spine.claim-audit.csv,4131,
html,\\dlowenas\brain\apps\paper-intelligence-suite-python\OUTPUT\mda_math_translation_full61_20260530_053137\01_OUTBOX_REPORTS\MDA-041-statistical-spine.paper-grade.html,\\dlowenas\brain\apps\paper-intelligence-suite-python\OUTPUT\mda_math_translation_full61_20260530_053137\02_HTML_OUTPUTS\MDA-041-statistical-spine.paper-grade.html,8119,
final/Unsorted/HTML,\\dlowenas\brain\apps\paper-intelligence-suite-python\OUTPUT\mda_math_translation_full61_20260530_053137\01_OUTBOX_REPORTS\MDA-041-statistical-spine.paper-grade.html,\\dlowenas\brain\apps\paper-intelligence-suite-python\OUTPUT\mda_math_translation_full61_20260530_053137\03_FINAL_READY\Unsorted\MDA-041-statistical-spine\HTML\MDA-041-statistical-spine.paper-grade.html,8119,
final/Unsorted/JSON,\\dlowenas\brain\apps\paper-intelligence-suite-python\OUTPUT\mda_math_translation_full61_20260530_053137\01_OUTBOX_REPORTS\MDA-041-statistical-spine.paper-grade.json,\\dlowenas\brain\apps\paper-intelligence-suite-python\OUTPUT\mda_math_translation_full61_20260530_053137\03_FINAL_READY\Unsorted\MDA-041-statistical-spine\JSON\MDA-041-statistical-spine.paper-grade.json,15437,
final/Unsorted/LOSSLESS_SUMMARY,\\dlowenas\brain\apps\paper-intelligence-suite-python\OUTPUT\mda_math_translation_full61_20260530_053137\01_OUTBOX_REPORTS\MDA-041-statistical-spine.paper-grade.json,\\dlowenas\brain\apps\paper-intelligence-suite-python\OUTPUT\mda_math_translation_full61_20260530_053137\03_FINAL_READY\Unsorted\MDA-041-statistical-spine\LOSSLESS_SUMMARY\MDA-041-statistical-spine.lossless-summary.md,11452,
final/Unsorted/HTML,\\dlowenas\brain\apps\paper-intelligence-suite-python\OUTPUT\mda_math_translation_full61_20260530_053137\01_OUTBOX_REPORTS\MDA-041-statistical-spine.paper-grade.json,\\dlowenas\brain\apps\paper-intelligence-suite-python\OUTPUT\mda_math_translation_full61_20260530_053137\03_FINAL_READY\Unsorted\MDA-041-statistical-spine\HTML\MDA-041-statistical-spine.paper-grade-dashboard.html,10752,rendered
final/Unsorted/EXCEL,\\dlowenas\brain\apps\paper-intelligence-suite-python\OUTPUT\mda_math_translation_full61_20260530_053137\01_OUTBOX_REPORTS\MDA-041-statistical-spine.paper-grade.json,\\dlowenas\brain\apps\paper-intelligence-suite-python\OUTPUT\mda_math_translation_full61_20260530_053137\03_FINAL_READY\Unsorted\MDA-041-statistical-spine\EXCEL\MDA-041-statistical-spine.paper-grade.review.xlsx,13819,rendered
final/Unsorted/MARKDOWN,\\dlowenas\brain\apps\paper-intelligence-suite-python\OUTPUT\mda_math_translation_full61_20260530_053137\01_OUTBOX_REPORTS\MDA-041-statistical-spine.paper-grade.md,\\dlowenas\brain\apps\paper-intelligence-suite-python\OUTPUT\mda_math_translation_full61_20260530_053137\03_FINAL_READY\Unsorted\MDA-041-statistical-spine\MARKDOWN\MDA-041-statistical-spine.paper-grade.md,3318,
final/Unsorted/EXCEL,\\dlowenas\brain\apps\paper-intelligence-suite-python\OUTPUT\mda_math_translation_full61_20260530_053137\01_OUTBOX_REPORTS\MDA-041-statistical-spine.paper-grade.xlsx,\\dlowenas\brain\apps\paper-intelligence-suite-python\OUTPUT\mda_math_translation_full61_20260530_053137\03_FINAL_READY\Unsorted\MDA-041-statistical-spine\EXCEL\MDA-041-statistical-spine.paper-grade.xlsx,8938,
final/Unsorted/CLAIMS,\\dlowenas\brain\apps\paper-intelligence-suite-python\OUTPUT\mda_math_translation_full61_20260530_053137\01_OUTBOX_REPORTS\MDA-042-amish-exception-THE-CLAIM.claim-audit.csv,\\dlowenas\brain\apps\paper-intelligence-suite-python\OUTPUT\mda_math_translation_full61_20260530_053137\03_FINAL_READY\Unsorted\MDA-042-amish-exception-THE-CLAIM\CLAIMS\MDA-042-amish-exception-THE-CLAIM.claim-audit.csv,6477,
html,\\dlowenas\brain\apps\paper-intelligence-suite-python\OUTPUT\mda_math_translation_full61_20260530_053137\01_OUTBOX_REPORTS\MDA-042-amish-exception-THE-CLAIM.paper-grade.html,\\dlowenas\brain\apps\paper-intelligence-suite-python\OUTPUT\mda_math_translation_full61_20260530_053137\02_HTML_OUTPUTS\MDA-042-amish-exception-THE-CLAIM.paper-grade.html,9337,
final/Unsorted/HTML,\\dlowenas\brain\apps\paper-intelligence-suite-python\OUTPUT\mda_math_translation_full61_20260530_053137\01_OUTBOX_REPORTS\MDA-042-amish-exception-THE-CLAIM.paper-grade.html,\\dlowenas\brain\apps\paper-intelligence-suite-python\OUTPUT\mda_math_translation_full61_20260530_053137\03_FINAL_READY\Unsorted\MDA-042-amish-exception-THE-CLAIM\HTML\MDA-042-amish-exception-THE-CLAIM.paper-grade.html,9337,
final/Unsorted/JSON,\\dlowenas\brain\apps\paper-intelligence-suite-python\OUTPUT\mda_math_translation_full61_20260530_053137\01_OUTBOX_REPORTS\MDA-042-amish-exception-THE-CLAIM.paper-grade.json,\\dlowenas\brain\apps\paper-intelligence-suite-python\OUTPUT\mda_math_translation_full61_20260530_053137\03_FINAL_READY\Unsorted\MDA-042-amish-exception-THE-CLAIM\JSON\MDA-042-amish-exception-THE-CLAIM.paper-grade.json,19892,
final/Unsorted/LOSSLESS_SUMMARY,\\dlowenas\brain\apps\paper-intelligence-suite-python\OUTPUT\mda_math_translation_full61_20260530_053137\01_OUTBOX_REPORTS\MDA-042-amish-exception-THE-CLAIM.paper-grade.json,\\dlowenas\brain\apps\paper-intelligence-suite-python\OUTPUT\mda_math_translation_full61_20260530_053137\03_FINAL_READY\Unsorted\MDA-042-amish-exception-THE-CLAIM\LOSSLESS_SUMMARY\MDA-042-amish-exception-THE-CLAIM.lossless-summary.md,16804,
final/Unsorted/HTML,\\dlowenas\brain\apps\paper-intelligence-suite-python\OUTPUT\mda_math_translation_full61_20260530_053137\01_OUTBOX_REPORTS\MDA-042-amish-exception-THE-CLAIM.paper-grade.json,\\dlowenas\brain\apps\paper-intelligence-suite-python\OUTPUT\mda_math_translation_full61_20260530_053137\03_FINAL_READY\Unsorted\MDA-042-amish-exception-THE-CLAIM\HTML\MDA-042-amish-exception-THE-CLAIM.paper-grade-dashboard.html,12107,rendered
final/Unsorted/EXCEL,\\dlowenas\brain\apps\paper-intelligence-suite-python\OUTPUT\mda_math_translation_full61_20260530_053137\01_OUTBOX_REPORTS\MDA-042-amish-exception-THE-CLAIM.paper-grade.json,\\dlowenas\brain\apps\paper-intelligence-suite-python\OUTPUT\mda_math_translation_full61_20260530_053137\03_FINAL_READY\Unsorted\MDA-042-amish-exception-THE-CLAIM\EXCEL\MDA-042-amish-exception-THE-CLAIM.paper-grade.review.xlsx,14701,rendered
final/Unsorted/MARKDOWN,\\dlowenas\brain\apps\paper-intelligence-suite-python\OUTPUT\mda_math_translation_full61_20260530_053137\01_OUTBOX_REPORTS\MDA-042-amish-exception-THE-CLAIM.paper-grade.md,\\dlowenas\brain\apps\paper-intelligence-suite-python\OUTPUT\mda_math_translation_full61_20260530_053137\03_FINAL_READY\Unsorted\MDA-042-amish-exception-THE-CLAIM\MARKDOWN\MDA-042-amish-exception-THE-CLAIM.paper-grade.md,4969,
final/Unsorted/EXCEL,\\dlowenas\brain\apps\paper-intelligence-suite-python\OUTPUT\mda_math_translation_full61_20260530_053137\01_OUTBOX_REPORTS\MDA-042-amish-exception-THE-CLAIM.paper-grade.xlsx,\\dlowenas\brain\apps\paper-intelligence-suite-python\OUTPUT\mda_math_translation_full61_20260530_053137\03_FINAL_READY\Unsorted\MDA-042-amish-exception-THE-CLAIM\EXCEL\MDA-042-amish-exception-THE-CLAIM.paper-grade.xlsx,9895,
final/Unsorted/CLAIMS,\\dlowenas\brain\apps\paper-intelligence-suite-python\OUTPUT\mda_math_translation_full61_20260530_053137\01_OUTBOX_REPORTS\MDA-043-amish-proof-THE-PROOF.claim-audit.csv,\\dlowenas\brain\apps\paper-intelligence-suite-python\OUTPUT\mda_math_translation_full61_20260530_053137\03_FINAL_READY\Unsorted\MDA-043-amish-proof-THE-PROOF\CLAIMS\MDA-043-amish-proof-THE-PROOF.claim-audit.csv,8059,
html,\\dlowenas\brain\apps\paper-intelligence-suite-python\OUTPUT\mda_math_translation_full61_20260530_053137\01_OUTBOX_REPORTS\MDA-043-amish-proof-THE-PROOF.paper-grade.html,\\dlowenas\brain\apps\paper-intelligence-suite-python\OUTPUT\mda_math_translation_full61_20260530_053137\02_HTML_OUTPUTS\MDA-043-amish-proof-THE-PROOF.paper-grade.html,10191,
final/Unsorted/HTML,\\dlowenas\brain\apps\paper-intelligence-suite-python\OUTPUT\mda_math_translation_full61_20260530_053137\01_OUTBOX_REPORTS\MDA-043-amish-proof-THE-PROOF.paper-grade.html,\\dlowenas\brain\apps\paper-intelligence-suite-python\OUTPUT\mda_math_translation_full61_20260530_053137\03_FINAL_READY\Unsorted\MDA-043-amish-proof-THE-PROOF\HTML\MDA-043-amish-proof-THE-PROOF.paper-grade.html,10191,
final/Unsorted/JSON,\\dlowenas\brain\apps\paper-intelligence-suite-python\OUTPUT\mda_math_translation_full61_20260530_053137\01_OUTBOX_REPORTS\MDA-043-amish-proof-THE-PROOF.paper-grade.json,\\dlowenas\brain\apps\paper-intelligence-suite-python\OUTPUT\mda_math_translation_full61_20260530_053137\03_FINAL_READY\Unsorted\MDA-043-amish-proof-THE-PROOF\JSON\MDA-043-amish-proof-THE-PROOF.paper-grade.json,33653,
final/Unsorted/LOSSLESS_SUMMARY,\\dlowenas\brain\apps\paper-intelligence-suite-python\OUTPUT\mda_math_translation_full61_20260530_053137\01_OUTBOX_REPORTS\MDA-043-amish-proof-THE-PROOF.paper-grade.json,\\dlowenas\brain\apps\paper-intelligence-suite-python\OUTPUT\mda_math_translation_full61_20260530_053137\03_FINAL_READY\Unsorted\MDA-043-amish-proof-THE-PROOF\LOSSLESS_SUMMARY\MDA-043-amish-proof-THE-PROOF.lossless-summary.md,28988,
final/Unsorted/HTML,\\dlowenas\brain\apps\paper-intelligence-suite-python\OUTPUT\mda_math_translation_full61_20260530_053137\01_OUTBOX_REPORTS\MDA-043-amish-proof-THE-PROOF.paper-grade.json,\\dlowenas\brain\apps\paper-intelligence-suite-python\OUTPUT\mda_math_translation_full61_20260530_053137\03_FINAL_READY\Unsorted\MDA-043-amish-proof-THE-PROOF\HTML\MDA-043-amish-proof-THE-PROOF.paper-grade-dashboard.html,13242,rendered
final/Unsorted/EXCEL,\\dlowenas\brain\apps\paper-intelligence-suite-python\OUTPUT\mda_math_translation_full61_20260530_053137\01_OUTBOX_REPORTS\MDA-043-amish-proof-THE-PROOF.paper-grade.json,\\dlowenas\brain\apps\paper-intelligence-suite-python\OUTPUT\mda_math_translation_full61_20260530_053137\03_FINAL_READY\Unsorted\MDA-043-amish-proof-THE-PROOF\EXCEL\MDA-043-amish-proof-THE-PROOF.paper-grade.review.xlsx,18685,rendered
final/Unsorted/MARKDOWN,\\dlowenas\brain\apps\paper-intelligence-suite-python\OUTPUT\mda_math_translation_full61_20260530_053137\01_OUTBOX_REPORTS\MDA-043-amish-proof-THE-PROOF.paper-grade.md,\\dlowenas\brain\apps\paper-intelligence-suite-python\OUTPUT\mda_math_translation_full61_20260530_053137\03_FINAL_READY\Unsorted\MDA-043-amish-proof-THE-PROOF\MARKDOWN\MDA-043-amish-proof-THE-PROOF.paper-grade.md,6134,
final/Unsorted/EXCEL,\\dlowenas\brain\apps\paper-intelligence-suite-python\OUTPUT\mda_math_translation_full61_20260530_053137\01_OUTBOX_REPORTS\MDA-043-amish-proof-THE-PROOF.paper-grade.xlsx,\\dlowenas\brain\apps\paper-intelligence-suite-python\OUTPUT\mda_math_translation_full61_20260530_053137\03_FINAL_READY\Unsorted\MDA-043-amish-proof-THE-PROOF\EXCEL\MDA-043-amish-proof-THE-PROOF.paper-grade.xlsx,13889,
final/Unsorted/CLAIMS,\\dlowenas\brain\apps\paper-intelligence-suite-python\OUTPUT\mda_math_translation_full61_20260530_053137\01_OUTBOX_REPORTS\MDA-044-amish-control-study-THE-METHOD.claim-audit.csv,\\dlowenas\brain\apps\paper-intelligence-suite-python\OUTPUT\mda_math_translation_full61_20260530_053137\03_FINAL_READY\Unsorted\MDA-044-amish-control-study-THE-METHOD\CLAIMS\MDA-044-amish-control-study-THE-METHOD.claim-audit.csv,4945,
html,\\dlowenas\brain\apps\paper-intelligence-suite-python\OUTPUT\mda_math_translation_full61_20260530_053137\01_OUTBOX_REPORTS\MDA-044-amish-control-study-THE-METHOD.paper-grade.html,\\dlowenas\brain\apps\paper-intelligence-suite-python\OUTPUT\mda_math_translation_full61_20260530_053137\02_HTML_OUTPUTS\MDA-044-amish-control-study-THE-METHOD.paper-grade.html,8571,
final/Unsorted/HTML,\\dlowenas\brain\apps\paper-intelligence-suite-python\OUTPUT\mda_math_translation_full61_20260530_053137\01_OUTBOX_REPORTS\MDA-044-amish-control-study-THE-METHOD.paper-grade.html,\\dlowenas\brain\apps\paper-intelligence-suite-python\OUTPUT\mda_math_translation_full61_20260530_053137\03_FINAL_READY\Unsorted\MDA-044-amish-control-study-THE-METHOD\HTML\MDA-044-amish-control-study-THE-METHOD.paper-grade.html,8571,
final/Unsorted/JSON,\\dlowenas\brain\apps\paper-intelligence-suite-python\OUTPUT\mda_math_translation_full61_20260530_053137\01_OUTBOX_REPORTS\MDA-044-amish-control-study-THE-METHOD.paper-grade.json,\\dlowenas\brain\apps\paper-intelligence-suite-python\OUTPUT\mda_math_translation_full61_20260530_053137\03_FINAL_READY\Unsorted\MDA-044-amish-control-study-THE-METHOD\JSON\MDA-044-amish-control-study-THE-METHOD.paper-grade.json,21364,
final/Unsorted/LOSSLESS_SUMMARY,\\dlowenas\brain\apps\paper-intelligence-suite-python\OUTPUT\mda_math_translation_full61_20260530_053137\01_OUTBOX_REPORTS\MDA-044-amish-control-study-THE-METHOD.paper-grade.json,\\dlowenas\brain\apps\paper-intelligence-suite-python\OUTPUT\mda_math_translation_full61_20260530_053137\03_FINAL_READY\Unsorted\MDA-044-amish-control-study-THE-METHOD\LOSSLESS_SUMMARY\MDA-044-amish-control-study-THE-METHOD.lossless-summary.md,18040,
final/Unsorted/HTML,\\dlowenas\brain\apps\paper-intelligence-suite-python\OUTPUT\mda_math_translation_full61_20260530_053137\01_OUTBOX_REPORTS\MDA-044-amish-control-study-THE-METHOD.paper-grade.json,\\dlowenas\brain\apps\paper-intelligence-suite-python\OUTPUT\mda_math_translation_full61_20260530_053137\03_FINAL_READY\Unsorted\MDA-044-amish-control-study-THE-METHOD\HTML\MDA-044-amish-control-study-THE-METHOD.paper-grade-dashboard.html,11413,rendered
final/Unsorted/EXCEL,\\dlowenas\brain\apps\paper-intelligence-suite-python\OUTPUT\mda_math_translation_full61_20260530_053137\01_OUTBOX_REPORTS\MDA-044-amish-control-study-THE-METHOD.paper-grade.json,\\dlowenas\brain\apps\paper-intelligence-suite-python\OUTPUT\mda_math_translation_full61_20260530_053137\03_FINAL_READY\Unsorted\MDA-044-amish-control-study-THE-METHOD\EXCEL\MDA-044-amish-control-study-THE-METHOD.paper-grade.review.xlsx,15889,rendered
final/Unsorted/MARKDOWN,\\dlowenas\brain\apps\paper-intelligence-suite-python\OUTPUT\mda_math_translation_full61_20260530_053137\01_OUTBOX_REPORTS\MDA-044-amish-control-study-THE-METHOD.paper-grade.md,\\dlowenas\brain\apps\paper-intelligence-suite-python\OUTPUT\mda_math_translation_full61_20260530_053137\03_FINAL_READY\Unsorted\MDA-044-amish-control-study-THE-METHOD\MARKDOWN\MDA-044-amish-control-study-THE-METHOD.paper-grade.md,3890,
final/Unsorted/EXCEL,\\dlowenas\brain\apps\paper-intelligence-suite-python\OUTPUT\mda_math_translation_full61_20260530_053137\01_OUTBOX_REPORTS\MDA-044-amish-control-study-THE-METHOD.paper-grade.xlsx,\\dlowenas\brain\apps\paper-intelligence-suite-python\OUTPUT\mda_math_translation_full61_20260530_053137\03_FINAL_READY\Unsorted\MDA-044-amish-control-study-THE-METHOD\EXCEL\MDA-044-amish-control-study-THE-METHOD.paper-grade.xlsx,11046,
final/Unsorted/CLAIMS,\\dlowenas\brain\apps\paper-intelligence-suite-python\OUTPUT\mda_math_translation_full61_20260530_053137\01_OUTBOX_REPORTS\MDA-045-amish-control-group-THE-DATA.claim-audit.csv,\\dlowenas\brain\apps\paper-intelligence-suite-python\OUTPUT\mda_math_translation_full61_20260530_053137\03_FINAL_READY\Unsorted\MDA-045-amish-control-group-THE-DATA\CLAIMS\MDA-045-amish-control-group-THE-DATA.claim-audit.csv,5047,
html,\\dlowenas\brain\apps\paper-intelligence-suite-python\OUTPUT\mda_math_translation_full61_20260530_053137\01_OUTBOX_REPORTS\MDA-045-amish-control-group-THE-DATA.paper-grade.html,\\dlowenas\brain\apps\paper-intelligence-suite-python\OUTPUT\mda_math_translation_full61_20260530_053137\02_HTML_OUTPUTS\MDA-045-amish-control-group-THE-DATA.paper-grade.html,9031,
final/Unsorted/HTML,\\dlowenas\brain\apps\paper-intelligence-suite-python\OUTPUT\mda_math_translation_full61_20260530_053137\01_OUTBOX_REPORTS\MDA-045-amish-control-group-THE-DATA.paper-grade.html,\\dlowenas\brain\apps\paper-intelligence-suite-python\OUTPUT\mda_math_translation_full61_20260530_053137\03_FINAL_READY\Unsorted\MDA-045-amish-control-group-THE-DATA\HTML\MDA-045-amish-control-group-THE-DATA.paper-grade.html,9031,
final/Unsorted/JSON,\\dlowenas\brain\apps\paper-intelligence-suite-python\OUTPUT\mda_math_translation_full61_20260530_053137\01_OUTBOX_REPORTS\MDA-045-amish-control-group-THE-DATA.paper-grade.json,\\dlowenas\brain\apps\paper-intelligence-suite-python\OUTPUT\mda_math_translation_full61_20260530_053137\03_FINAL_READY\Unsorted\MDA-045-amish-control-group-THE-DATA\JSON\MDA-045-amish-control-group-THE-DATA.paper-grade.json,33309,
final/Unsorted/LOSSLESS_SUMMARY,\\dlowenas\brain\apps\paper-intelligence-suite-python\OUTPUT\mda_math_translation_full61_20260530_053137\01_OUTBOX_REPORTS\MDA-045-amish-control-group-THE-DATA.paper-grade.json,\\dlowenas\brain\apps\paper-intelligence-suite-python\OUTPUT\mda_math_translation_full61_20260530_053137\03_FINAL_READY\Unsorted\MDA-045-amish-control-group-THE-DATA\LOSSLESS_SUMMARY\MDA-045-amish-control-group-THE-DATA.lossless-summary.md,28974,
final/Unsorted/HTML,\\dlowenas\brain\apps\paper-intelligence-suite-python\OUTPUT\mda_math_translation_full61_20260530_053137\01_OUTBOX_REPORTS\MDA-045-amish-control-group-THE-DATA.paper-grade.json,\\dlowenas\brain\apps\paper-intelligence-suite-python\OUTPUT\mda_math_translation_full61_20260530_053137\03_FINAL_READY\Unsorted\MDA-045-amish-control-group-THE-DATA\HTML\MDA-045-amish-control-group-THE-DATA.paper-grade-dashboard.html,11572,rendered
final/Unsorted/EXCEL,\\dlowenas\brain\apps\paper-intelligence-suite-python\OUTPUT\mda_math_translation_full61_20260530_053137\01_OUTBOX_REPORTS\MDA-045-amish-control-group-THE-DATA.paper-grade.json,\\dlowenas\brain\apps\paper-intelligence-suite-python\OUTPUT\mda_math_translation_full61_20260530_053137\03_FINAL_READY\Unsorted\MDA-045-amish-control-group-THE-DATA\EXCEL\MDA-045-amish-control-group-THE-DATA.paper-grade.review.xlsx,17945,rendered
final/Unsorted/MARKDOWN,\\dlowenas\brain\apps\paper-intelligence-suite-python\OUTPUT\mda_math_translation_full61_20260530_053137\01_OUTBOX_REPORTS\MDA-045-amish-control-group-THE-DATA.paper-grade.md,\\dlowenas\brain\apps\paper-intelligence-suite-python\OUTPUT\mda_math_translation_full61_20260530_053137\03_FINAL_READY\Unsorted\MDA-045-amish-control-group-THE-DATA\MARKDOWN\MDA-045-amish-control-group-THE-DATA.paper-grade.md,4154,
final/Unsorted/EXCEL,\\dlowenas\brain\apps\paper-intelligence-suite-python\OUTPUT\mda_math_translation_full61_20260530_053137\01_OUTBOX_REPORTS\MDA-045-amish-control-group-THE-DATA.paper-grade.xlsx,\\dlowenas\brain\apps\paper-intelligence-suite-python\OUTPUT\mda_math_translation_full61_20260530_053137\03_FINAL_READY\Unsorted\MDA-045-amish-control-group-THE-DATA\EXCEL\MDA-045-amish-control-group-THE-DATA.paper-grade.xlsx,13151,
final/Unsorted/CLAIMS,\\dlowenas\brain\apps\paper-intelligence-suite-python\OUTPUT\mda_math_translation_full61_20260530_053137\01_OUTBOX_REPORTS\MDA-046-amish-demographics-THE-NUMBERS.claim-audit.csv,\\dlowenas\brain\apps\paper-intelligence-suite-python\OUTPUT\mda_math_translation_full61_20260530_053137\03_FINAL_READY\Unsorted\MDA-046-amish-demographics-THE-NUMBERS\CLAIMS\MDA-046-amish-demographics-THE-NUMBERS.claim-audit.csv,5826,
html,\\dlowenas\brain\apps\paper-intelligence-suite-python\OUTPUT\mda_math_translation_full61_20260530_053137\01_OUTBOX_REPORTS\MDA-046-amish-demographics-THE-NUMBERS.paper-grade.html,\\dlowenas\brain\apps\paper-intelligence-suite-python\OUTPUT\mda_math_translation_full61_20260530_053137\02_HTML_OUTPUTS\MDA-046-amish-demographics-THE-NUMBERS.paper-grade.html,9343,
final/Unsorted/HTML,\\dlowenas\brain\apps\paper-intelligence-suite-python\OUTPUT\mda_math_translation_full61_20260530_053137\01_OUTBOX_REPORTS\MDA-046-amish-demographics-THE-NUMBERS.paper-grade.html,\\dlowenas\brain\apps\paper-intelligence-suite-python\OUTPUT\mda_math_translation_full61_20260530_053137\03_FINAL_READY\Unsorted\MDA-046-amish-demographics-THE-NUMBERS\HTML\MDA-046-amish-demographics-THE-NUMBERS.paper-grade.html,9343,
final/Unsorted/JSON,\\dlowenas\brain\apps\paper-intelligence-suite-python\OUTPUT\mda_math_translation_full61_20260530_053137\01_OUTBOX_REPORTS\MDA-046-amish-demographics-THE-NUMBERS.paper-grade.json,\\dlowenas\brain\apps\paper-intelligence-suite-python\OUTPUT\mda_math_translation_full61_20260530_053137\03_FINAL_READY\Unsorted\MDA-046-amish-demographics-THE-NUMBERS\JSON\MDA-046-amish-demographics-THE-NUMBERS.paper-grade.json,29000,
final/Unsorted/LOSSLESS_SUMMARY,\\dlowenas\brain\apps\paper-intelligence-suite-python\OUTPUT\mda_math_translation_full61_20260530_053137\01_OUTBOX_REPORTS\MDA-046-amish-demographics-THE-NUMBERS.paper-grade.json,\\dlowenas\brain\apps\paper-intelligence-suite-python\OUTPUT\mda_math_translation_full61_20260530_053137\03_FINAL_READY\Unsorted\MDA-046-amish-demographics-THE-NUMBERS\LOSSLESS_SUMMARY\MDA-046-amish-demographics-THE-NUMBERS.lossless-summary.md,26295,
final/Unsorted/HTML,\\dlowenas\brain\apps\paper-intelligence-suite-python\OUTPUT\mda_math_translation_full61_20260530_053137\01_OUTBOX_REPORTS\MDA-046-amish-demographics-THE-NUMBERS.paper-grade.json,\\dlowenas\brain\apps\paper-intelligence-suite-python\OUTPUT\mda_math_translation_full61_20260530_053137\03_FINAL_READY\Unsorted\MDA-046-amish-demographics-THE-NUMBERS\HTML\MDA-046-amish-demographics-THE-NUMBERS.paper-grade-dashboard.html,12008,rendered
final/Unsorted/EXCEL,\\dlowenas\brain\apps\paper-intelligence-suite-python\OUTPUT\mda_math_translation_full61_20260530_053137\01_OUTBOX_REPORTS\MDA-046-amish-demographics-THE-NUMBERS.paper-grade.json,\\dlowenas\brain\apps\paper-intelligence-suite-python\OUTPUT\mda_math_translation_full61_20260530_053137\03_FINAL_READY\Unsorted\MDA-046-amish-demographics-THE-NUMBERS\EXCEL\MDA-046-amish-demographics-THE-NUMBERS.paper-grade.review.xlsx,16867,rendered
final/Unsorted/MARKDOWN,\\dlowenas\brain\apps\paper-intelligence-suite-python\OUTPUT\mda_math_translation_full61_20260530_053137\01_OUTBOX_REPORTS\MDA-046-amish-demographics-THE-NUMBERS.paper-grade.md,\\dlowenas\brain\apps\paper-intelligence-suite-python\OUTPUT\mda_math_translation_full61_20260530_053137\03_FINAL_READY\Unsorted\MDA-046-amish-demographics-THE-NUMBERS\MARKDOWN\MDA-046-amish-demographics-THE-NUMBERS.paper-grade.md,4685,
final/Unsorted/EXCEL,\\dlowenas\brain\apps\paper-intelligence-suite-python\OUTPUT\mda_math_translation_full61_20260530_053137\01_OUTBOX_REPORTS\MDA-046-amish-demographics-THE-NUMBERS.paper-grade.xlsx,\\dlowenas\brain\apps\paper-intelligence-suite-python\OUTPUT\mda_math_translation_full61_20260530_053137\03_FINAL_READY\Unsorted\MDA-046-amish-demographics-THE-NUMBERS\EXCEL\MDA-046-amish-demographics-THE-NUMBERS.paper-grade.xlsx,12052,
final/Unsorted/CLAIMS,\\dlowenas\brain\apps\paper-intelligence-suite-python\OUTPUT\mda_math_translation_full61_20260530_053137\01_OUTBOX_REPORTS\MDA-047-amish-tech-filter-THE-FILTER.claim-audit.csv,\\dlowenas\brain\apps\paper-intelligence-suite-python\OUTPUT\mda_math_translation_full61_20260530_053137\03_FINAL_READY\Unsorted\MDA-047-amish-tech-filter-THE-FILTER\CLAIMS\MDA-047-amish-tech-filter-THE-FILTER.claim-audit.csv,2774,
html,\\dlowenas\brain\apps\paper-intelligence-suite-python\OUTPUT\mda_math_translation_full61_20260530_053137\01_OUTBOX_REPORTS\MDA-047-amish-tech-filter-THE-FILTER.paper-grade.html,\\dlowenas\brain\apps\paper-intelligence-suite-python\OUTPUT\mda_math_translation_full61_20260530_053137\02_HTML_OUTPUTS\MDA-047-amish-tech-filter-THE-FILTER.paper-grade.html,7457,
final/Unsorted/HTML,\\dlowenas\brain\apps\paper-intelligence-suite-python\OUTPUT\mda_math_translation_full61_20260530_053137\01_OUTBOX_REPORTS\MDA-047-amish-tech-filter-THE-FILTER.paper-grade.html,\\dlowenas\brain\apps\paper-intelligence-suite-python\OUTPUT\mda_math_translation_full61_20260530_053137\03_FINAL_READY\Unsorted\MDA-047-amish-tech-filter-THE-FILTER\HTML\MDA-047-amish-tech-filter-THE-FILTER.paper-grade.html,7457,
final/Unsorted/JSON,\\dlowenas\brain\apps\paper-intelligence-suite-python\OUTPUT\mda_math_translation_full61_20260530_053137\01_OUTBOX_REPORTS\MDA-047-amish-tech-filter-THE-FILTER.paper-grade.json,\\dlowenas\brain\apps\paper-intelligence-suite-python\OUTPUT\mda_math_translation_full61_20260530_053137\03_FINAL_READY\Unsorted\MDA-047-amish-tech-filter-THE-FILTER\JSON\MDA-047-amish-tech-filter-THE-FILTER.paper-grade.json,20983,
final/Unsorted/LOSSLESS_SUMMARY,\\dlowenas\brain\apps\paper-intelligence-suite-python\OUTPUT\mda_math_translation_full61_20260530_053137\01_OUTBOX_REPORTS\MDA-047-amish-tech-filter-THE-FILTER.paper-grade.json,\\dlowenas\brain\apps\paper-intelligence-suite-python\OUTPUT\mda_math_translation_full61_20260530_053137\03_FINAL_READY\Unsorted\MDA-047-amish-tech-filter-THE-FILTER\LOSSLESS_SUMMARY\MDA-047-amish-tech-filter-THE-FILTER.lossless-summary.md,19124,
final/Unsorted/HTML,\\dlowenas\brain\apps\paper-intelligence-suite-python\OUTPUT\mda_math_translation_full61_20260530_053137\01_OUTBOX_REPORTS\MDA-047-amish-tech-filter-THE-FILTER.paper-grade.json,\\dlowenas\brain\apps\paper-intelligence-suite-python\OUTPUT\mda_math_translation_full61_20260530_053137\03_FINAL_READY\Unsorted\MDA-047-amish-tech-filter-THE-FILTER\HTML\MDA-047-amish-tech-filter-THE-FILTER.paper-grade-dashboard.html,9890,rendered
final/Unsorted/EXCEL,\\dlowenas\brain\apps\paper-intelligence-suite-python\OUTPUT\mda_math_translation_full61_20260530_053137\01_OUTBOX_REPORTS\MDA-047-amish-tech-filter-THE-FILTER.paper-grade.json,\\dlowenas\brain\apps\paper-intelligence-suite-python\OUTPUT\mda_math_translation_full61_20260530_053137\03_FINAL_READY\Unsorted\MDA-047-amish-tech-filter-THE-FILTER\EXCEL\MDA-047-amish-tech-filter-THE-FILTER.paper-grade.review.xlsx,14671,rendered
final/Unsorted/MARKDOWN,\\dlowenas\brain\apps\paper-intelligence-suite-python\OUTPUT\mda_math_translation_full61_20260530_053137\01_OUTBOX_REPORTS\MDA-047-amish-tech-filter-THE-FILTER.paper-grade.md,\\dlowenas\brain\apps\paper-intelligence-suite-python\OUTPUT\mda_math_translation_full61_20260530_053137\03_FINAL_READY\Unsorted\MDA-047-amish-tech-filter-THE-FILTER\MARKDOWN\MDA-047-amish-tech-filter-THE-FILTER.paper-grade.md,2328,
final/Unsorted/EXCEL,\\dlowenas\brain\apps\paper-intelligence-suite-python\OUTPUT\mda_math_translation_full61_20260530_053137\01_OUTBOX_REPORTS\MDA-047-amish-tech-filter-THE-FILTER.paper-grade.xlsx,\\dlowenas\brain\apps\paper-intelligence-suite-python\OUTPUT\mda_math_translation_full61_20260530_053137\03_FINAL_READY\Unsorted\MDA-047-amish-tech-filter-THE-FILTER\EXCEL\MDA-047-amish-tech-filter-THE-FILTER.paper-grade.xlsx,9892,
final/Unsorted/CLAIMS,\\dlowenas\brain\apps\paper-intelligence-suite-python\OUTPUT\mda_math_translation_full61_20260530_053137\01_OUTBOX_REPORTS\MDA-048-ordnung-algorithm-THE-MECHANISM.claim-audit.csv,\\dlowenas\brain\apps\paper-intelligence-suite-python\OUTPUT\mda_math_translation_full61_20260530_053137\03_FINAL_READY\Unsorted\MDA-048-ordnung-algorithm-THE-MECHANISM\CLAIMS\MDA-048-ordnung-algorithm-THE-MECHANISM.claim-audit.csv,13875,
html,\\dlowenas\brain\apps\paper-intelligence-suite-python\OUTPUT\mda_math_translation_full61_20260530_053137\01_OUTBOX_REPORTS\MDA-048-ordnung-algorithm-THE-MECHANISM.paper-grade.html,\\dlowenas\brain\apps\paper-intelligence-suite-python\OUTPUT\mda_math_translation_full61_20260530_053137\02_HTML_OUTPUTS\MDA-048-ordnung-algorithm-THE-MECHANISM.paper-grade.html,13336,
final/Unsorted/HTML,\\dlowenas\brain\apps\paper-intelligence-suite-python\OUTPUT\mda_math_translation_full61_20260530_053137\01_OUTBOX_REPORTS\MDA-048-ordnung-algorithm-THE-MECHANISM.paper-grade.html,\\dlowenas\brain\apps\paper-intelligence-suite-python\OUTPUT\mda_math_translation_full61_20260530_053137\03_FINAL_READY\Unsorted\MDA-048-ordnung-algorithm-THE-MECHANISM\HTML\MDA-048-ordnung-algorithm-THE-MECHANISM.paper-grade.html,13336,
final/Unsorted/JSON,\\dlowenas\brain\apps\paper-intelligence-suite-python\OUTPUT\mda_math_translation_full61_20260530_053137\01_OUTBOX_REPORTS\MDA-048-ordnung-algorithm-THE-MECHANISM.paper-grade.json,\\dlowenas\brain\apps\paper-intelligence-suite-python\OUTPUT\mda_math_translation_full61_20260530_053137\03_FINAL_READY\Unsorted\MDA-048-ordnung-algorithm-THE-MECHANISM\JSON\MDA-048-ordnung-algorithm-THE-MECHANISM.paper-grade.json,58647,
final/Unsorted/LOSSLESS_SUMMARY,\\dlowenas\brain\apps\paper-intelligence-suite-python\OUTPUT\mda_math_translation_full61_20260530_053137\01_OUTBOX_REPORTS\MDA-048-ordnung-algorithm-THE-MECHANISM.paper-grade.json,\\dlowenas\brain\apps\paper-intelligence-suite-python\OUTPUT\mda_math_translation_full61_20260530_053137\03_FINAL_READY\Unsorted\MDA-048-ordnung-algorithm-THE-MECHANISM\LOSSLESS_SUMMARY\MDA-048-ordnung-algorithm-THE-MECHANISM.lossless-summary.md,50938,
final/Unsorted/HTML,\\dlowenas\brain\apps\paper-intelligence-suite-python\OUTPUT\mda_math_translation_full61_20260530_053137\01_OUTBOX_REPORTS\MDA-048-ordnung-algorithm-THE-MECHANISM.paper-grade.json,\\dlowenas\brain\apps\paper-intelligence-suite-python\OUTPUT\mda_math_translation_full61_20260530_053137\03_FINAL_READY\Unsorted\MDA-048-ordnung-algorithm-THE-MECHANISM\HTML\MDA-048-ordnung-algorithm-THE-MECHANISM.paper-grade-dashboard.html,16806,rendered
final/Unsorted/EXCEL,\\dlowenas\brain\apps\paper-intelligence-suite-python\OUTPUT\mda_math_translation_full61_20260530_053137\01_OUTBOX_REPORTS\MDA-048-ordnung-algorithm-THE-MECHANISM.paper-grade.json,\\dlowenas\brain\apps\paper-intelligence-suite-python\OUTPUT\mda_math_translation_full61_20260530_053137\03_FINAL_READY\Unsorted\MDA-048-ordnung-algorithm-THE-MECHANISM\EXCEL\MDA-048-ordnung-algorithm-THE-MECHANISM.paper-grade.review.xlsx,23314,rendered
final/Unsorted/MARKDOWN,\\dlowenas\brain\apps\paper-intelligence-suite-python\OUTPUT\mda_math_translation_full61_20260530_053137\01_OUTBOX_REPORTS\MDA-048-ordnung-algorithm-THE-MECHANISM.paper-grade.md,\\dlowenas\brain\apps\paper-intelligence-suite-python\OUTPUT\mda_math_translation_full61_20260530_053137\03_FINAL_READY\Unsorted\MDA-048-ordnung-algorithm-THE-MECHANISM\MARKDOWN\MDA-048-ordnung-algorithm-THE-MECHANISM.paper-grade.md,10400,
final/Unsorted/EXCEL,\\dlowenas\brain\apps\paper-intelligence-suite-python\OUTPUT\mda_math_translation_full61_20260530_053137\01_OUTBOX_REPORTS\MDA-048-ordnung-algorithm-THE-MECHANISM.paper-grade.xlsx,\\dlowenas\brain\apps\paper-intelligence-suite-python\OUTPUT\mda_math_translation_full61_20260530_053137\03_FINAL_READY\Unsorted\MDA-048-ordnung-algorithm-THE-MECHANISM\EXCEL\MDA-048-ordnung-algorithm-THE-MECHANISM.paper-grade.xlsx,18526,
final/Unsorted/CLAIMS,\\dlowenas\brain\apps\paper-intelligence-suite-python\OUTPUT\mda_math_translation_full61_20260530_053137\01_OUTBOX_REPORTS\MDA-049-coherence-factory-THE-SYNTHESIS.claim-audit.csv,\\dlowenas\brain\apps\paper-intelligence-suite-python\OUTPUT\mda_math_translation_full61_20260530_053137\03_FINAL_READY\Unsorted\MDA-049-coherence-factory-THE-SYNTHESIS\CLAIMS\MDA-049-coherence-factory-THE-SYNTHESIS.claim-audit.csv,8387,
html,\\dlowenas\brain\apps\paper-intelligence-suite-python\OUTPUT\mda_math_translation_full61_20260530_053137\01_OUTBOX_REPORTS\MDA-049-coherence-factory-THE-SYNTHESIS.paper-grade.html,\\dlowenas\brain\apps\paper-intelligence-suite-python\OUTPUT\mda_math_translation_full61_20260530_053137\02_HTML_OUTPUTS\MDA-049-coherence-factory-THE-SYNTHESIS.paper-grade.html,10403,
final/Unsorted/HTML,\\dlowenas\brain\apps\paper-intelligence-suite-python\OUTPUT\mda_math_translation_full61_20260530_053137\01_OUTBOX_REPORTS\MDA-049-coherence-factory-THE-SYNTHESIS.paper-grade.html,\\dlowenas\brain\apps\paper-intelligence-suite-python\OUTPUT\mda_math_translation_full61_20260530_053137\03_FINAL_READY\Unsorted\MDA-049-coherence-factory-THE-SYNTHESIS\HTML\MDA-049-coherence-factory-THE-SYNTHESIS.paper-grade.html,10403,
final/Unsorted/JSON,\\dlowenas\brain\apps\paper-intelligence-suite-python\OUTPUT\mda_math_translation_full61_20260530_053137\01_OUTBOX_REPORTS\MDA-049-coherence-factory-THE-SYNTHESIS.paper-grade.json,\\dlowenas\brain\apps\paper-intelligence-suite-python\OUTPUT\mda_math_translation_full61_20260530_053137\03_FINAL_READY\Unsorted\MDA-049-coherence-factory-THE-SYNTHESIS\JSON\MDA-049-coherence-factory-THE-SYNTHESIS.paper-grade.json,27497,
final/Unsorted/LOSSLESS_SUMMARY,\\dlowenas\brain\apps\paper-intelligence-suite-python\OUTPUT\mda_math_translation_full61_20260530_053137\01_OUTBOX_REPORTS\MDA-049-coherence-factory-THE-SYNTHESIS.paper-grade.json,\\dlowenas\brain\apps\paper-intelligence-suite-python\OUTPUT\mda_math_translation_full61_20260530_053137\03_FINAL_READY\Unsorted\MDA-049-coherence-factory-THE-SYNTHESIS\LOSSLESS_SUMMARY\MDA-049-coherence-factory-THE-SYNTHESIS.lossless-summary.md,23762,
final/Unsorted/HTML,\\dlowenas\brain\apps\paper-intelligence-suite-python\OUTPUT\mda_math_translation_full61_20260530_053137\01_OUTBOX_REPORTS\MDA-049-coherence-factory-THE-SYNTHESIS.paper-grade.json,\\dlowenas\brain\apps\paper-intelligence-suite-python\OUTPUT\mda_math_translation_full61_20260530_053137\03_FINAL_READY\Unsorted\MDA-049-coherence-factory-THE-SYNTHESIS\HTML\MDA-049-coherence-factory-THE-SYNTHESIS.paper-grade-dashboard.html,13463,rendered
final/Unsorted/EXCEL,\\dlowenas\brain\apps\paper-intelligence-suite-python\OUTPUT\mda_math_translation_full61_20260530_053137\01_OUTBOX_REPORTS\MDA-049-coherence-factory-THE-SYNTHESIS.paper-grade.json,\\dlowenas\brain\apps\paper-intelligence-suite-python\OUTPUT\mda_math_translation_full61_20260530_053137\03_FINAL_READY\Unsorted\MDA-049-coherence-factory-THE-SYNTHESIS\EXCEL\MDA-049-coherence-factory-THE-SYNTHESIS.paper-grade.review.xlsx,16023,rendered
final/Unsorted/MARKDOWN,\\dlowenas\brain\apps\paper-intelligence-suite-python\OUTPUT\mda_math_translation_full61_20260530_053137\01_OUTBOX_REPORTS\MDA-049-coherence-factory-THE-SYNTHESIS.paper-grade.md,\\dlowenas\brain\apps\paper-intelligence-suite-python\OUTPUT\mda_math_translation_full61_20260530_053137\03_FINAL_READY\Unsorted\MDA-049-coherence-factory-THE-SYNTHESIS\MARKDOWN\MDA-049-coherence-factory-THE-SYNTHESIS.paper-grade.md,6384,
final/Unsorted/EXCEL,\\dlowenas\brain\apps\paper-intelligence-suite-python\OUTPUT\mda_math_translation_full61_20260530_053137\01_OUTBOX_REPORTS\MDA-049-coherence-factory-THE-SYNTHESIS.paper-grade.xlsx,\\dlowenas\brain\apps\paper-intelligence-suite-python\OUTPUT\mda_math_translation_full61_20260530_053137\03_FINAL_READY\Unsorted\MDA-049-coherence-factory-THE-SYNTHESIS\EXCEL\MDA-049-coherence-factory-THE-SYNTHESIS.paper-grade.xlsx,11141,
final/Unsorted/CLAIMS,\\dlowenas\brain\apps\paper-intelligence-suite-python\OUTPUT\mda_math_translation_full61_20260530_053137\01_OUTBOX_REPORTS\MDA-050-jacob-2025.claim-audit.csv,\\dlowenas\brain\apps\paper-intelligence-suite-python\OUTPUT\mda_math_translation_full61_20260530_053137\03_FINAL_READY\Unsorted\MDA-050-jacob-2025\CLAIMS\MDA-050-jacob-2025.claim-audit.csv,13369,
html,\\dlowenas\brain\apps\paper-intelligence-suite-python\OUTPUT\mda_math_translation_full61_20260530_053137\01_OUTBOX_REPORTS\MDA-050-jacob-2025.paper-grade.html,\\dlowenas\brain\apps\paper-intelligence-suite-python\OUTPUT\mda_math_translation_full61_20260530_053137\02_HTML_OUTPUTS\MDA-050-jacob-2025.paper-grade.html,12547,
final/Unsorted/HTML,\\dlowenas\brain\apps\paper-intelligence-suite-python\OUTPUT\mda_math_translation_full61_20260530_053137\01_OUTBOX_REPORTS\MDA-050-jacob-2025.paper-grade.html,\\dlowenas\brain\apps\paper-intelligence-suite-python\OUTPUT\mda_math_translation_full61_20260530_053137\03_FINAL_READY\Unsorted\MDA-050-jacob-2025\HTML\MDA-050-jacob-2025.paper-grade.html,12547,
final/Unsorted/JSON,\\dlowenas\brain\apps\paper-intelligence-suite-python\OUTPUT\mda_math_translation_full61_20260530_053137\01_OUTBOX_REPORTS\MDA-050-jacob-2025.paper-grade.json,\\dlowenas\brain\apps\paper-intelligence-suite-python\OUTPUT\mda_math_translation_full61_20260530_053137\03_FINAL_READY\Unsorted\MDA-050-jacob-2025\JSON\MDA-050-jacob-2025.paper-grade.json,51163,
final/Unsorted/LOSSLESS_SUMMARY,\\dlowenas\brain\apps\paper-intelligence-suite-python\OUTPUT\mda_math_translation_full61_20260530_053137\01_OUTBOX_REPORTS\MDA-050-jacob-2025.paper-grade.json,\\dlowenas\brain\apps\paper-intelligence-suite-python\OUTPUT\mda_math_translation_full61_20260530_053137\03_FINAL_READY\Unsorted\MDA-050-jacob-2025\LOSSLESS_SUMMARY\MDA-050-jacob-2025.lossless-summary.md,42252,
final/Unsorted/HTML,\\dlowenas\brain\apps\paper-intelligence-suite-python\OUTPUT\mda_math_translation_full61_20260530_053137\01_OUTBOX_REPORTS\MDA-050-jacob-2025.paper-grade.json,\\dlowenas\brain\apps\paper-intelligence-suite-python\OUTPUT\mda_math_translation_full61_20260530_053137\03_FINAL_READY\Unsorted\MDA-050-jacob-2025\HTML\MDA-050-jacob-2025.paper-grade-dashboard.html,16194,rendered
final/Unsorted/EXCEL,\\dlowenas\brain\apps\paper-intelligence-suite-python\OUTPUT\mda_math_translation_full61_20260530_053137\01_OUTBOX_REPORTS\MDA-050-jacob-2025.paper-grade.json,\\dlowenas\brain\apps\paper-intelligence-suite-python\OUTPUT\mda_math_translation_full61_20260530_053137\03_FINAL_READY\Unsorted\MDA-050-jacob-2025\EXCEL\MDA-050-jacob-2025.paper-grade.review.xlsx,16501,rendered
final/Unsorted/MARKDOWN,\\dlowenas\brain\apps\paper-intelligence-suite-python\OUTPUT\mda_math_translation_full61_20260530_053137\01_OUTBOX_REPORTS\MDA-050-jacob-2025.paper-grade.md,\\dlowenas\brain\apps\paper-intelligence-suite-python\OUTPUT\mda_math_translation_full61_20260530_053137\03_FINAL_READY\Unsorted\MDA-050-jacob-2025\MARKDOWN\MDA-050-jacob-2025.paper-grade.md,9782,
final/Unsorted/EXCEL,\\dlowenas\brain\apps\paper-intelligence-suite-python\OUTPUT\mda_math_translation_full61_20260530_053137\01_OUTBOX_REPORTS\MDA-050-jacob-2025.paper-grade.xlsx,\\dlowenas\brain\apps\paper-intelligence-suite-python\OUTPUT\mda_math_translation_full61_20260530_053137\03_FINAL_READY\Unsorted\MDA-050-jacob-2025\EXCEL\MDA-050-jacob-2025.paper-grade.xlsx,11680,
final/Unsorted/CLAIMS,\\dlowenas\brain\apps\paper-intelligence-suite-python\OUTPUT\mda_math_translation_full61_20260530_053137\01_OUTBOX_REPORTS\MDA-051-korea-experiment.claim-audit.csv,\\dlowenas\brain\apps\paper-intelligence-suite-python\OUTPUT\mda_math_translation_full61_20260530_053137\03_FINAL_READY\Unsorted\MDA-051-korea-experiment\CLAIMS\MDA-051-korea-experiment.claim-audit.csv,2777,
html,\\dlowenas\brain\apps\paper-intelligence-suite-python\OUTPUT\mda_math_translation_full61_20260530_053137\01_OUTBOX_REPORTS\MDA-051-korea-experiment.paper-grade.html,\\dlowenas\brain\apps\paper-intelligence-suite-python\OUTPUT\mda_math_translation_full61_20260530_053137\02_HTML_OUTPUTS\MDA-051-korea-experiment.paper-grade.html,7337,
final/Unsorted/HTML,\\dlowenas\brain\apps\paper-intelligence-suite-python\OUTPUT\mda_math_translation_full61_20260530_053137\01_OUTBOX_REPORTS\MDA-051-korea-experiment.paper-grade.html,\\dlowenas\brain\apps\paper-intelligence-suite-python\OUTPUT\mda_math_translation_full61_20260530_053137\03_FINAL_READY\Unsorted\MDA-051-korea-experiment\HTML\MDA-051-korea-experiment.paper-grade.html,7337,
final/Unsorted/JSON,\\dlowenas\brain\apps\paper-intelligence-suite-python\OUTPUT\mda_math_translation_full61_20260530_053137\01_OUTBOX_REPORTS\MDA-051-korea-experiment.paper-grade.json,\\dlowenas\brain\apps\paper-intelligence-suite-python\OUTPUT\mda_math_translation_full61_20260530_053137\03_FINAL_READY\Unsorted\MDA-051-korea-experiment\JSON\MDA-051-korea-experiment.paper-grade.json,14113,
final/Unsorted/LOSSLESS_SUMMARY,\\dlowenas\brain\apps\paper-intelligence-suite-python\OUTPUT\mda_math_translation_full61_20260530_053137\01_OUTBOX_REPORTS\MDA-051-korea-experiment.paper-grade.json,\\dlowenas\brain\apps\paper-intelligence-suite-python\OUTPUT\mda_math_translation_full61_20260530_053137\03_FINAL_READY\Unsorted\MDA-051-korea-experiment\LOSSLESS_SUMMARY\MDA-051-korea-experiment.lossless-summary.md,12236,
final/Unsorted/HTML,\\dlowenas\brain\apps\paper-intelligence-suite-python\OUTPUT\mda_math_translation_full61_20260530_053137\01_OUTBOX_REPORTS\MDA-051-korea-experiment.paper-grade.json,\\dlowenas\brain\apps\paper-intelligence-suite-python\OUTPUT\mda_math_translation_full61_20260530_053137\03_FINAL_READY\Unsorted\MDA-051-korea-experiment\HTML\MDA-051-korea-experiment.paper-grade-dashboard.html,9695,rendered
final/Unsorted/EXCEL,\\dlowenas\brain\apps\paper-intelligence-suite-python\OUTPUT\mda_math_translation_full61_20260530_053137\01_OUTBOX_REPORTS\MDA-051-korea-experiment.paper-grade.json,\\dlowenas\brain\apps\paper-intelligence-suite-python\OUTPUT\mda_math_translation_full61_20260530_053137\03_FINAL_READY\Unsorted\MDA-051-korea-experiment\EXCEL\MDA-051-korea-experiment.paper-grade.review.xlsx,13916,rendered
final/Unsorted/MARKDOWN,\\dlowenas\brain\apps\paper-intelligence-suite-python\OUTPUT\mda_math_translation_full61_20260530_053137\01_OUTBOX_REPORTS\MDA-051-korea-experiment.paper-grade.md,\\dlowenas\brain\apps\paper-intelligence-suite-python\OUTPUT\mda_math_translation_full61_20260530_053137\03_FINAL_READY\Unsorted\MDA-051-korea-experiment\MARKDOWN\MDA-051-korea-experiment.paper-grade.md,2203,
final/Unsorted/EXCEL,\\dlowenas\brain\apps\paper-intelligence-suite-python\OUTPUT\mda_math_translation_full61_20260530_053137\01_OUTBOX_REPORTS\MDA-051-korea-experiment.paper-grade.xlsx,\\dlowenas\brain\apps\paper-intelligence-suite-python\OUTPUT\mda_math_translation_full61_20260530_053137\03_FINAL_READY\Unsorted\MDA-051-korea-experiment\EXCEL\MDA-051-korea-experiment.paper-grade.xlsx,9208,
final/Unsorted/CLAIMS,\\dlowenas\brain\apps\paper-intelligence-suite-python\OUTPUT\mda_math_translation_full61_20260530_053137\01_OUTBOX_REPORTS\MDA-052-individual-recovery.claim-audit.csv,\\dlowenas\brain\apps\paper-intelligence-suite-python\OUTPUT\mda_math_translation_full61_20260530_053137\03_FINAL_READY\Unsorted\MDA-052-individual-recovery\CLAIMS\MDA-052-individual-recovery.claim-audit.csv,2568,
html,\\dlowenas\brain\apps\paper-intelligence-suite-python\OUTPUT\mda_math_translation_full61_20260530_053137\01_OUTBOX_REPORTS\MDA-052-individual-recovery.paper-grade.html,\\dlowenas\brain\apps\paper-intelligence-suite-python\OUTPUT\mda_math_translation_full61_20260530_053137\02_HTML_OUTPUTS\MDA-052-individual-recovery.paper-grade.html,7277,
final/Unsorted/HTML,\\dlowenas\brain\apps\paper-intelligence-suite-python\OUTPUT\mda_math_translation_full61_20260530_053137\01_OUTBOX_REPORTS\MDA-052-individual-recovery.paper-grade.html,\\dlowenas\brain\apps\paper-intelligence-suite-python\OUTPUT\mda_math_translation_full61_20260530_053137\03_FINAL_READY\Unsorted\MDA-052-individual-recovery\HTML\MDA-052-individual-recovery.paper-grade.html,7277,
final/Unsorted/JSON,\\dlowenas\brain\apps\paper-intelligence-suite-python\OUTPUT\mda_math_translation_full61_20260530_053137\01_OUTBOX_REPORTS\MDA-052-individual-recovery.paper-grade.json,\\dlowenas\brain\apps\paper-intelligence-suite-python\OUTPUT\mda_math_translation_full61_20260530_053137\03_FINAL_READY\Unsorted\MDA-052-individual-recovery\JSON\MDA-052-individual-recovery.paper-grade.json,13996,
final/Unsorted/LOSSLESS_SUMMARY,\\dlowenas\brain\apps\paper-intelligence-suite-python\OUTPUT\mda_math_translation_full61_20260530_053137\01_OUTBOX_REPORTS\MDA-052-individual-recovery.paper-grade.json,\\dlowenas\brain\apps\paper-intelligence-suite-python\OUTPUT\mda_math_translation_full61_20260530_053137\03_FINAL_READY\Unsorted\MDA-052-individual-recovery\LOSSLESS_SUMMARY\MDA-052-individual-recovery.lossless-summary.md,11830,
final/Unsorted/HTML,\\dlowenas\brain\apps\paper-intelligence-suite-python\OUTPUT\mda_math_translation_full61_20260530_053137\01_OUTBOX_REPORTS\MDA-052-individual-recovery.paper-grade.json,\\dlowenas\brain\apps\paper-intelligence-suite-python\OUTPUT\mda_math_translation_full61_20260530_053137\03_FINAL_READY\Unsorted\MDA-052-individual-recovery\HTML\MDA-052-individual-recovery.paper-grade-dashboard.html,9620,rendered
final/Unsorted/EXCEL,\\dlowenas\brain\apps\paper-intelligence-suite-python\OUTPUT\mda_math_translation_full61_20260530_053137\01_OUTBOX_REPORTS\MDA-052-individual-recovery.paper-grade.json,\\dlowenas\brain\apps\paper-intelligence-suite-python\OUTPUT\mda_math_translation_full61_20260530_053137\03_FINAL_READY\Unsorted\MDA-052-individual-recovery\EXCEL\MDA-052-individual-recovery.paper-grade.review.xlsx,13923,rendered
final/Unsorted/MARKDOWN,\\dlowenas\brain\apps\paper-intelligence-suite-python\OUTPUT\mda_math_translation_full61_20260530_053137\01_OUTBOX_REPORTS\MDA-052-individual-recovery.paper-grade.md,\\dlowenas\brain\apps\paper-intelligence-suite-python\OUTPUT\mda_math_translation_full61_20260530_053137\03_FINAL_READY\Unsorted\MDA-052-individual-recovery\MARKDOWN\MDA-052-individual-recovery.paper-grade.md,2148,
final/Unsorted/EXCEL,\\dlowenas\brain\apps\paper-intelligence-suite-python\OUTPUT\mda_math_translation_full61_20260530_053137\01_OUTBOX_REPORTS\MDA-052-individual-recovery.paper-grade.xlsx,\\dlowenas\brain\apps\paper-intelligence-suite-python\OUTPUT\mda_math_translation_full61_20260530_053137\03_FINAL_READY\Unsorted\MDA-052-individual-recovery\EXCEL\MDA-052-individual-recovery.paper-grade.xlsx,9203,
final/Unsorted/CLAIMS,\\dlowenas\brain\apps\paper-intelligence-suite-python\OUTPUT\mda_math_translation_full61_20260530_053137\01_OUTBOX_REPORTS\MDA-053-the-question.claim-audit.csv,\\dlowenas\brain\apps\paper-intelligence-suite-python\OUTPUT\mda_math_translation_full61_20260530_053137\03_FINAL_READY\Unsorted\MDA-053-the-question\CLAIMS\MDA-053-the-question.claim-audit.csv,2575,
html,\\dlowenas\brain\apps\paper-intelligence-suite-python\OUTPUT\mda_math_translation_full61_20260530_053137\01_OUTBOX_REPORTS\MDA-053-the-question.paper-grade.html,\\dlowenas\brain\apps\paper-intelligence-suite-python\OUTPUT\mda_math_translation_full61_20260530_053137\02_HTML_OUTPUTS\MDA-053-the-question.paper-grade.html,7265,
final/Unsorted/HTML,\\dlowenas\brain\apps\paper-intelligence-suite-python\OUTPUT\mda_math_translation_full61_20260530_053137\01_OUTBOX_REPORTS\MDA-053-the-question.paper-grade.html,\\dlowenas\brain\apps\paper-intelligence-suite-python\OUTPUT\mda_math_translation_full61_20260530_053137\03_FINAL_READY\Unsorted\MDA-053-the-question\HTML\MDA-053-the-question.paper-grade.html,7265,
final/Unsorted/JSON,\\dlowenas\brain\apps\paper-intelligence-suite-python\OUTPUT\mda_math_translation_full61_20260530_053137\01_OUTBOX_REPORTS\MDA-053-the-question.paper-grade.json,\\dlowenas\brain\apps\paper-intelligence-suite-python\OUTPUT\mda_math_translation_full61_20260530_053137\03_FINAL_READY\Unsorted\MDA-053-the-question\JSON\MDA-053-the-question.paper-grade.json,14988,
final/Unsorted/LOSSLESS_SUMMARY,\\dlowenas\brain\apps\paper-intelligence-suite-python\OUTPUT\mda_math_translation_full61_20260530_053137\01_OUTBOX_REPORTS\MDA-053-the-question.paper-grade.json,\\dlowenas\brain\apps\paper-intelligence-suite-python\OUTPUT\mda_math_translation_full61_20260530_053137\03_FINAL_READY\Unsorted\MDA-053-the-question\LOSSLESS_SUMMARY\MDA-053-the-question.lossless-summary.md,12762,
final/Unsorted/HTML,\\dlowenas\brain\apps\paper-intelligence-suite-python\OUTPUT\mda_math_translation_full61_20260530_053137\01_OUTBOX_REPORTS\MDA-053-the-question.paper-grade.json,\\dlowenas\brain\apps\paper-intelligence-suite-python\OUTPUT\mda_math_translation_full61_20260530_053137\03_FINAL_READY\Unsorted\MDA-053-the-question\HTML\MDA-053-the-question.paper-grade-dashboard.html,9627,rendered
final/Unsorted/EXCEL,\\dlowenas\brain\apps\paper-intelligence-suite-python\OUTPUT\mda_math_translation_full61_20260530_053137\01_OUTBOX_REPORTS\MDA-053-the-question.paper-grade.json,\\dlowenas\brain\apps\paper-intelligence-suite-python\OUTPUT\mda_math_translation_full61_20260530_053137\03_FINAL_READY\Unsorted\MDA-053-the-question\EXCEL\MDA-053-the-question.paper-grade.review.xlsx,13988,rendered
final/Unsorted/MARKDOWN,\\dlowenas\brain\apps\paper-intelligence-suite-python\OUTPUT\mda_math_translation_full61_20260530_053137\01_OUTBOX_REPORTS\MDA-053-the-question.paper-grade.md,\\dlowenas\brain\apps\paper-intelligence-suite-python\OUTPUT\mda_math_translation_full61_20260530_053137\03_FINAL_READY\Unsorted\MDA-053-the-question\MARKDOWN\MDA-053-the-question.paper-grade.md,2128,
final/Unsorted/EXCEL,\\dlowenas\brain\apps\paper-intelligence-suite-python\OUTPUT\mda_math_translation_full61_20260530_053137\01_OUTBOX_REPORTS\MDA-053-the-question.paper-grade.xlsx,\\dlowenas\brain\apps\paper-intelligence-suite-python\OUTPUT\mda_math_translation_full61_20260530_053137\03_FINAL_READY\Unsorted\MDA-053-the-question\EXCEL\MDA-053-the-question.paper-grade.xlsx,9265,
final/Unsorted/CLAIMS,\\dlowenas\brain\apps\paper-intelligence-suite-python\OUTPUT\mda_math_translation_full61_20260530_053137\01_OUTBOX_REPORTS\MDA-054-way-back.claim-audit.csv,\\dlowenas\brain\apps\paper-intelligence-suite-python\OUTPUT\mda_math_translation_full61_20260530_053137\03_FINAL_READY\Unsorted\MDA-054-way-back\CLAIMS\MDA-054-way-back.claim-audit.csv,13658,
html,\\dlowenas\brain\apps\paper-intelligence-suite-python\OUTPUT\mda_math_translation_full61_20260530_053137\01_OUTBOX_REPORTS\MDA-054-way-back.paper-grade.html,\\dlowenas\brain\apps\paper-intelligence-suite-python\OUTPUT\mda_math_translation_full61_20260530_053137\02_HTML_OUTPUTS\MDA-054-way-back.paper-grade.html,13422,
final/Unsorted/HTML,\\dlowenas\brain\apps\paper-intelligence-suite-python\OUTPUT\mda_math_translation_full61_20260530_053137\01_OUTBOX_REPORTS\MDA-054-way-back.paper-grade.html,\\dlowenas\brain\apps\paper-intelligence-suite-python\OUTPUT\mda_math_translation_full61_20260530_053137\03_FINAL_READY\Unsorted\MDA-054-way-back\HTML\MDA-054-way-back.paper-grade.html,13422,
final/Unsorted/JSON,\\dlowenas\brain\apps\paper-intelligence-suite-python\OUTPUT\mda_math_translation_full61_20260530_053137\01_OUTBOX_REPORTS\MDA-054-way-back.paper-grade.json,\\dlowenas\brain\apps\paper-intelligence-suite-python\OUTPUT\mda_math_translation_full61_20260530_053137\03_FINAL_READY\Unsorted\MDA-054-way-back\JSON\MDA-054-way-back.paper-grade.json,46605,
final/Unsorted/LOSSLESS_SUMMARY,\\dlowenas\brain\apps\paper-intelligence-suite-python\OUTPUT\mda_math_translation_full61_20260530_053137\01_OUTBOX_REPORTS\MDA-054-way-back.paper-grade.json,\\dlowenas\brain\apps\paper-intelligence-suite-python\OUTPUT\mda_math_translation_full61_20260530_053137\03_FINAL_READY\Unsorted\MDA-054-way-back\LOSSLESS_SUMMARY\MDA-054-way-back.lossless-summary.md,40027,
final/Unsorted/HTML,\\dlowenas\brain\apps\paper-intelligence-suite-python\OUTPUT\mda_math_translation_full61_20260530_053137\01_OUTBOX_REPORTS\MDA-054-way-back.paper-grade.json,\\dlowenas\brain\apps\paper-intelligence-suite-python\OUTPUT\mda_math_translation_full61_20260530_053137\03_FINAL_READY\Unsorted\MDA-054-way-back\HTML\MDA-054-way-back.paper-grade-dashboard.html,16976,rendered
final/Unsorted/EXCEL,\\dlowenas\brain\apps\paper-intelligence-suite-python\OUTPUT\mda_math_translation_full61_20260530_053137\01_OUTBOX_REPORTS\MDA-054-way-back.paper-grade.json,\\dlowenas\brain\apps\paper-intelligence-suite-python\OUTPUT\mda_math_translation_full61_20260530_053137\03_FINAL_READY\Unsorted\MDA-054-way-back\EXCEL\MDA-054-way-back.paper-grade.review.xlsx,21553,rendered
final/Unsorted/MARKDOWN,\\dlowenas\brain\apps\paper-intelligence-suite-python\OUTPUT\mda_math_translation_full61_20260530_053137\01_OUTBOX_REPORTS\MDA-054-way-back.paper-grade.md,\\dlowenas\brain\apps\paper-intelligence-suite-python\OUTPUT\mda_math_translation_full61_20260530_053137\03_FINAL_READY\Unsorted\MDA-054-way-back\MARKDOWN\MDA-054-way-back.paper-grade.md,10461,
final/Unsorted/EXCEL,\\dlowenas\brain\apps\paper-intelligence-suite-python\OUTPUT\mda_math_translation_full61_20260530_053137\01_OUTBOX_REPORTS\MDA-054-way-back.paper-grade.xlsx,\\dlowenas\brain\apps\paper-intelligence-suite-python\OUTPUT\mda_math_translation_full61_20260530_053137\03_FINAL_READY\Unsorted\MDA-054-way-back\EXCEL\MDA-054-way-back.paper-grade.xlsx,16704,
final/Unsorted/CLAIMS,\\dlowenas\brain\apps\paper-intelligence-suite-python\OUTPUT\mda_math_translation_full61_20260530_053137\01_OUTBOX_REPORTS\MDA-900-appendix-original-introduction.claim-audit.csv,\\dlowenas\brain\apps\paper-intelligence-suite-python\OUTPUT\mda_math_translation_full61_20260530_053137\03_FINAL_READY\Unsorted\MDA-900-appendix-original-introduction\CLAIMS\MDA-900-appendix-original-introduction.claim-audit.csv,10182,
html,\\dlowenas\brain\apps\paper-intelligence-suite-python\OUTPUT\mda_math_translation_full61_20260530_053137\01_OUTBOX_REPORTS\MDA-900-appendix-original-introduction.paper-grade.html,\\dlowenas\brain\apps\paper-intelligence-suite-python\OUTPUT\mda_math_translation_full61_20260530_053137\02_HTML_OUTPUTS\MDA-900-appendix-original-introduction.paper-grade.html,11297,
final/Unsorted/HTML,\\dlowenas\brain\apps\paper-intelligence-suite-python\OUTPUT\mda_math_translation_full61_20260530_053137\01_OUTBOX_REPORTS\MDA-900-appendix-original-introduction.paper-grade.html,\\dlowenas\brain\apps\paper-intelligence-suite-python\OUTPUT\mda_math_translation_full61_20260530_053137\03_FINAL_READY\Unsorted\MDA-900-appendix-original-introduction\HTML\MDA-900-appendix-original-introduction.paper-grade.html,11297,
final/Unsorted/JSON,\\dlowenas\brain\apps\paper-intelligence-suite-python\OUTPUT\mda_math_translation_full61_20260530_053137\01_OUTBOX_REPORTS\MDA-900-appendix-original-introduction.paper-grade.json,\\dlowenas\brain\apps\paper-intelligence-suite-python\OUTPUT\mda_math_translation_full61_20260530_053137\03_FINAL_READY\Unsorted\MDA-900-appendix-original-introduction\JSON\MDA-900-appendix-original-introduction.paper-grade.json,28715,
final/Unsorted/LOSSLESS_SUMMARY,\\dlowenas\brain\apps\paper-intelligence-suite-python\OUTPUT\mda_math_translation_full61_20260530_053137\01_OUTBOX_REPORTS\MDA-900-appendix-original-introduction.paper-grade.json,\\dlowenas\brain\apps\paper-intelligence-suite-python\OUTPUT\mda_math_translation_full61_20260530_053137\03_FINAL_READY\Unsorted\MDA-900-appendix-original-introduction\LOSSLESS_SUMMARY\MDA-900-appendix-original-introduction.lossless-summary.md,23775,
final/Unsorted/HTML,\\dlowenas\brain\apps\paper-intelligence-suite-python\OUTPUT\mda_math_translation_full61_20260530_053137\01_OUTBOX_REPORTS\MDA-900-appendix-original-introduction.paper-grade.json,\\dlowenas\brain\apps\paper-intelligence-suite-python\OUTPUT\mda_math_translation_full61_20260530_053137\03_FINAL_READY\Unsorted\MDA-900-appendix-original-introduction\HTML\MDA-900-appendix-original-introduction.paper-grade-dashboard.html,14479,rendered
final/Unsorted/EXCEL,\\dlowenas\brain\apps\paper-intelligence-suite-python\OUTPUT\mda_math_translation_full61_20260530_053137\01_OUTBOX_REPORTS\MDA-900-appendix-original-introduction.paper-grade.json,\\dlowenas\brain\apps\paper-intelligence-suite-python\OUTPUT\mda_math_translation_full61_20260530_053137\03_FINAL_READY\Unsorted\MDA-900-appendix-original-introduction\EXCEL\MDA-900-appendix-original-introduction.paper-grade.review.xlsx,16238,rendered
final/Unsorted/MARKDOWN,\\dlowenas\brain\apps\paper-intelligence-suite-python\OUTPUT\mda_math_translation_full61_20260530_053137\01_OUTBOX_REPORTS\MDA-900-appendix-original-introduction.paper-grade.md,\\dlowenas\brain\apps\paper-intelligence-suite-python\OUTPUT\mda_math_translation_full61_20260530_053137\03_FINAL_READY\Unsorted\MDA-900-appendix-original-introduction\MARKDOWN\MDA-900-appendix-original-introduction.paper-grade.md,7595,
final/Unsorted/EXCEL,\\dlowenas\brain\apps\paper-intelligence-suite-python\OUTPUT\mda_math_translation_full61_20260530_053137\01_OUTBOX_REPORTS\MDA-900-appendix-original-introduction.paper-grade.xlsx,\\dlowenas\brain\apps\paper-intelligence-suite-python\OUTPUT\mda_math_translation_full61_20260530_053137\03_FINAL_READY\Unsorted\MDA-900-appendix-original-introduction\EXCEL\MDA-900-appendix-original-introduction.paper-grade.xlsx,11417,
final/Unsorted/CLAIMS,\\dlowenas\brain\apps\paper-intelligence-suite-python\OUTPUT\mda_math_translation_full61_20260530_053137\01_OUTBOX_REPORTS\MDA-901-appendix-america-index.claim-audit.csv,\\dlowenas\brain\apps\paper-intelligence-suite-python\OUTPUT\mda_math_translation_full61_20260530_053137\03_FINAL_READY\Unsorted\MDA-901-appendix-america-index\CLAIMS\MDA-901-appendix-america-index.claim-audit.csv,1004,
html,\\dlowenas\brain\apps\paper-intelligence-suite-python\OUTPUT\mda_math_translation_full61_20260530_053137\01_OUTBOX_REPORTS\MDA-901-appendix-america-index.paper-grade.html,\\dlowenas\brain\apps\paper-intelligence-suite-python\OUTPUT\mda_math_translation_full61_20260530_053137\02_HTML_OUTPUTS\MDA-901-appendix-america-index.paper-grade.html,6436,
final/Unsorted/HTML,\\dlowenas\brain\apps\paper-intelligence-suite-python\OUTPUT\mda_math_translation_full61_20260530_053137\01_OUTBOX_REPORTS\MDA-901-appendix-america-index.paper-grade.html,\\dlowenas\brain\apps\paper-intelligence-suite-python\OUTPUT\mda_math_translation_full61_20260530_053137\03_FINAL_READY\Unsorted\MDA-901-appendix-america-index\HTML\MDA-901-appendix-america-index.paper-grade.html,6436,
final/Unsorted/JSON,\\dlowenas\brain\apps\paper-intelligence-suite-python\OUTPUT\mda_math_translation_full61_20260530_053137\01_OUTBOX_REPORTS\MDA-901-appendix-america-index.paper-grade.json,\\dlowenas\brain\apps\paper-intelligence-suite-python\OUTPUT\mda_math_translation_full61_20260530_053137\03_FINAL_READY\Unsorted\MDA-901-appendix-america-index\JSON\MDA-901-appendix-america-index.paper-grade.json,5866,
final/Unsorted/LOSSLESS_SUMMARY,\\dlowenas\brain\apps\paper-intelligence-suite-python\OUTPUT\mda_math_translation_full61_20260530_053137\01_OUTBOX_REPORTS\MDA-901-appendix-america-index.paper-grade.json,\\dlowenas\brain\apps\paper-intelligence-suite-python\OUTPUT\mda_math_translation_full61_20260530_053137\03_FINAL_READY\Unsorted\MDA-901-appendix-america-index\LOSSLESS_SUMMARY\MDA-901-appendix-america-index.lossless-summary.md,4839,
final/Unsorted/HTML,\\dlowenas\brain\apps\paper-intelligence-suite-python\OUTPUT\mda_math_translation_full61_20260530_053137\01_OUTBOX_REPORTS\MDA-901-appendix-america-index.paper-grade.json,\\dlowenas\brain\apps\paper-intelligence-suite-python\OUTPUT\mda_math_translation_full61_20260530_053137\03_FINAL_READY\Unsorted\MDA-901-appendix-america-index\HTML\MDA-901-appendix-america-index.paper-grade-dashboard.html,8624,rendered
final/Unsorted/EXCEL,\\dlowenas\brain\apps\paper-intelligence-suite-python\OUTPUT\mda_math_translation_full61_20260530_053137\01_OUTBOX_REPORTS\MDA-901-appendix-america-index.paper-grade.json,\\dlowenas\brain\apps\paper-intelligence-suite-python\OUTPUT\mda_math_translation_full61_20260530_053137\03_FINAL_READY\Unsorted\MDA-901-appendix-america-index\EXCEL\MDA-901-appendix-america-index.paper-grade.review.xlsx,11187,rendered
final/Unsorted/MARKDOWN,\\dlowenas\brain\apps\paper-intelligence-suite-python\OUTPUT\mda_math_translation_full61_20260530_053137\01_OUTBOX_REPORTS\MDA-901-appendix-america-index.paper-grade.md,\\dlowenas\brain\apps\paper-intelligence-suite-python\OUTPUT\mda_math_translation_full61_20260530_053137\03_FINAL_READY\Unsorted\MDA-901-appendix-america-index\MARKDOWN\MDA-901-appendix-america-index.paper-grade.md,996,
final/Unsorted/EXCEL,\\dlowenas\brain\apps\paper-intelligence-suite-python\OUTPUT\mda_math_translation_full61_20260530_053137\01_OUTBOX_REPORTS\MDA-901-appendix-america-index.paper-grade.xlsx,\\dlowenas\brain\apps\paper-intelligence-suite-python\OUTPUT\mda_math_translation_full61_20260530_053137\03_FINAL_READY\Unsorted\MDA-901-appendix-america-index\EXCEL\MDA-901-appendix-america-index.paper-grade.xlsx,6465,
final/Unsorted/CLAIMS,\\dlowenas\brain\apps\paper-intelligence-suite-python\OUTPUT\mda_math_translation_full61_20260530_053137\01_OUTBOX_REPORTS\MDA-902-appendix-trans-domain-analysis.claim-audit.csv,\\dlowenas\brain\apps\paper-intelligence-suite-python\OUTPUT\mda_math_translation_full61_20260530_053137\03_FINAL_READY\Unsorted\MDA-902-appendix-trans-domain-analysis\CLAIMS\MDA-902-appendix-trans-domain-analysis.claim-audit.csv,18363,
html,\\dlowenas\brain\apps\paper-intelligence-suite-python\OUTPUT\mda_math_translation_full61_20260530_053137\01_OUTBOX_REPORTS\MDA-902-appendix-trans-domain-analysis.paper-grade.html,\\dlowenas\brain\apps\paper-intelligence-suite-python\OUTPUT\mda_math_translation_full61_20260530_053137\02_HTML_OUTPUTS\MDA-902-appendix-trans-domain-analysis.paper-grade.html,15486,
final/Unsorted/HTML,\\dlowenas\brain\apps\paper-intelligence-suite-python\OUTPUT\mda_math_translation_full61_20260530_053137\01_OUTBOX_REPORTS\MDA-902-appendix-trans-domain-analysis.paper-grade.html,\\dlowenas\brain\apps\paper-intelligence-suite-python\OUTPUT\mda_math_translation_full61_20260530_053137\03_FINAL_READY\Unsorted\MDA-902-appendix-trans-domain-analysis\HTML\MDA-902-appendix-trans-domain-analysis.paper-grade.html,15486,
final/Unsorted/JSON,\\dlowenas\brain\apps\paper-intelligence-suite-python\OUTPUT\mda_math_translation_full61_20260530_053137\01_OUTBOX_REPORTS\MDA-902-appendix-trans-domain-analysis.paper-grade.json,\\dlowenas\brain\apps\paper-intelligence-suite-python\OUTPUT\mda_math_translation_full61_20260530_053137\03_FINAL_READY\Unsorted\MDA-902-appendix-trans-domain-analysis\JSON\MDA-902-appendix-trans-domain-analysis.paper-grade.json,65536,
final/Unsorted/LOSSLESS_SUMMARY,\\dlowenas\brain\apps\paper-intelligence-suite-python\OUTPUT\mda_math_translation_full61_20260530_053137\01_OUTBOX_REPORTS\MDA-902-appendix-trans-domain-analysis.paper-grade.json,\\dlowenas\brain\apps\paper-intelligence-suite-python\OUTPUT\mda_math_translation_full61_20260530_053137\03_FINAL_READY\Unsorted\MDA-902-appendix-trans-domain-analysis\LOSSLESS_SUMMARY\MDA-902-appendix-trans-domain-analysis.lossless-summary.md,55332,
final/Unsorted/HTML,\\dlowenas\brain\apps\paper-intelligence-suite-python\OUTPUT\mda_math_translation_full61_20260530_053137\01_OUTBOX_REPORTS\MDA-902-appendix-trans-domain-analysis.paper-grade.json,\\dlowenas\brain\apps\paper-intelligence-suite-python\OUTPUT\mda_math_translation_full61_20260530_053137\03_FINAL_READY\Unsorted\MDA-902-appendix-trans-domain-analysis\HTML\MDA-902-appendix-trans-domain-analysis.paper-grade-dashboard.html,19559,rendered
final/Unsorted/EXCEL,\\dlowenas\brain\apps\paper-intelligence-suite-python\OUTPUT\mda_math_translation_full61_20260530_053137\01_OUTBOX_REPORTS\MDA-902-appendix-trans-domain-analysis.paper-grade.json,\\dlowenas\brain\apps\paper-intelligence-suite-python\OUTPUT\mda_math_translation_full61_20260530_053137\03_FINAL_READY\Unsorted\MDA-902-appendix-trans-domain-analysis\EXCEL\MDA-902-appendix-trans-domain-analysis.paper-grade.review.xlsx,27169,rendered
final/Unsorted/MARKDOWN,\\dlowenas\brain\apps\paper-intelligence-suite-python\OUTPUT\mda_math_translation_full61_20260530_053137\01_OUTBOX_REPORTS\MDA-902-appendix-trans-domain-analysis.paper-grade.md,\\dlowenas\brain\apps\paper-intelligence-suite-python\OUTPUT\mda_math_translation_full61_20260530_053137\03_FINAL_READY\Unsorted\MDA-902-appendix-trans-domain-analysis\MARKDOWN\MDA-902-appendix-trans-domain-analysis.paper-grade.md,13408,
final/Unsorted/EXCEL,\\dlowenas\brain\apps\paper-intelligence-suite-python\OUTPUT\mda_math_translation_full61_20260530_053137\01_OUTBOX_REPORTS\MDA-902-appendix-trans-domain-analysis.paper-grade.xlsx,\\dlowenas\brain\apps\paper-intelligence-suite-python\OUTPUT\mda_math_translation_full61_20260530_053137\03_FINAL_READY\Unsorted\MDA-902-appendix-trans-domain-analysis\EXCEL\MDA-902-appendix-trans-domain-analysis.paper-grade.xlsx,22185,
final/Unsorted/CLAIMS,\\dlowenas\brain\apps\paper-intelligence-suite-python\OUTPUT\mda_math_translation_full61_20260530_053137\01_OUTBOX_REPORTS\MDA-903-appendix-series-home.claim-audit.csv,\\dlowenas\brain\apps\paper-intelligence-suite-python\OUTPUT\mda_math_translation_full61_20260530_053137\03_FINAL_READY\Unsorted\MDA-903-appendix-series-home\CLAIMS\MDA-903-appendix-series-home.claim-audit.csv,6063,
html,\\dlowenas\brain\apps\paper-intelligence-suite-python\OUTPUT\mda_math_translation_full61_20260530_053137\01_OUTBOX_REPORTS\MDA-903-appendix-series-home.paper-grade.html,\\dlowenas\brain\apps\paper-intelligence-suite-python\OUTPUT\mda_math_translation_full61_20260530_053137\02_HTML_OUTPUTS\MDA-903-appendix-series-home.paper-grade.html,8999,
final/Unsorted/HTML,\\dlowenas\brain\apps\paper-intelligence-suite-python\OUTPUT\mda_math_translation_full61_20260530_053137\01_OUTBOX_REPORTS\MDA-903-appendix-series-home.paper-grade.html,\\dlowenas\brain\apps\paper-intelligence-suite-python\OUTPUT\mda_math_translation_full61_20260530_053137\03_FINAL_READY\Unsorted\MDA-903-appendix-series-home\HTML\MDA-903-appendix-series-home.paper-grade.html,8999,
final/Unsorted/JSON,\\dlowenas\brain\apps\paper-intelligence-suite-python\OUTPUT\mda_math_translation_full61_20260530_053137\01_OUTBOX_REPORTS\MDA-903-appendix-series-home.paper-grade.json,\\dlowenas\brain\apps\paper-intelligence-suite-python\OUTPUT\mda_math_translation_full61_20260530_053137\03_FINAL_READY\Unsorted\MDA-903-appendix-series-home\JSON\MDA-903-appendix-series-home.paper-grade.json,18735,
final/Unsorted/LOSSLESS_SUMMARY,\\dlowenas\brain\apps\paper-intelligence-suite-python\OUTPUT\mda_math_translation_full61_20260530_053137\01_OUTBOX_REPORTS\MDA-903-appendix-series-home.paper-grade.json,\\dlowenas\brain\apps\paper-intelligence-suite-python\OUTPUT\mda_math_translation_full61_20260530_053137\03_FINAL_READY\Unsorted\MDA-903-appendix-series-home\LOSSLESS_SUMMARY\MDA-903-appendix-series-home.lossless-summary.md,16018,
final/Unsorted/HTML,\\dlowenas\brain\apps\paper-intelligence-suite-python\OUTPUT\mda_math_translation_full61_20260530_053137\01_OUTBOX_REPORTS\MDA-903-appendix-series-home.paper-grade.json,\\dlowenas\brain\apps\paper-intelligence-suite-python\OUTPUT\mda_math_translation_full61_20260530_053137\03_FINAL_READY\Unsorted\MDA-903-appendix-series-home\HTML\MDA-903-appendix-series-home.paper-grade-dashboard.html,11702,rendered
final/Unsorted/EXCEL,\\dlowenas\brain\apps\paper-intelligence-suite-python\OUTPUT\mda_math_translation_full61_20260530_053137\01_OUTBOX_REPORTS\MDA-903-appendix-series-home.paper-grade.json,\\dlowenas\brain\apps\paper-intelligence-suite-python\OUTPUT\mda_math_translation_full61_20260530_053137\03_FINAL_READY\Unsorted\MDA-903-appendix-series-home\EXCEL\MDA-903-appendix-series-home.paper-grade.review.xlsx,13062,rendered
final/Unsorted/MARKDOWN,\\dlowenas\brain\apps\paper-intelligence-suite-python\OUTPUT\mda_math_translation_full61_20260530_053137\01_OUTBOX_REPORTS\MDA-903-appendix-series-home.paper-grade.md,\\dlowenas\brain\apps\paper-intelligence-suite-python\OUTPUT\mda_math_translation_full61_20260530_053137\03_FINAL_READY\Unsorted\MDA-903-appendix-series-home\MARKDOWN\MDA-903-appendix-series-home.paper-grade.md,4567,
final/Unsorted/EXCEL,\\dlowenas\brain\apps\paper-intelligence-suite-python\OUTPUT\mda_math_translation_full61_20260530_053137\01_OUTBOX_REPORTS\MDA-903-appendix-series-home.paper-grade.xlsx,\\dlowenas\brain\apps\paper-intelligence-suite-python\OUTPUT\mda_math_translation_full61_20260530_053137\03_FINAL_READY\Unsorted\MDA-903-appendix-series-home\EXCEL\MDA-903-appendix-series-home.paper-grade.xlsx,8312,
final/Unsorted/CLAIMS,\\dlowenas\brain\apps\paper-intelligence-suite-python\OUTPUT\mda_math_translation_full61_20260530_053137\01_OUTBOX_REPORTS\MDA-904-appendix-sample.claim-audit.csv,\\dlowenas\brain\apps\paper-intelligence-suite-python\OUTPUT\mda_math_translation_full61_20260530_053137\03_FINAL_READY\Unsorted\MDA-904-appendix-sample\CLAIMS\MDA-904-appendix-sample.claim-audit.csv,997,
html,\\dlowenas\brain\apps\paper-intelligence-suite-python\OUTPUT\mda_math_translation_full61_20260530_053137\01_OUTBOX_REPORTS\MDA-904-appendix-sample.paper-grade.html,\\dlowenas\brain\apps\paper-intelligence-suite-python\OUTPUT\mda_math_translation_full61_20260530_053137\02_HTML_OUTPUTS\MDA-904-appendix-sample.paper-grade.html,6422,
final/Unsorted/HTML,\\dlowenas\brain\apps\paper-intelligence-suite-python\OUTPUT\mda_math_translation_full61_20260530_053137\01_OUTBOX_REPORTS\MDA-904-appendix-sample.paper-grade.html,\\dlowenas\brain\apps\paper-intelligence-suite-python\OUTPUT\mda_math_translation_full61_20260530_053137\03_FINAL_READY\Unsorted\MDA-904-appendix-sample\HTML\MDA-904-appendix-sample.paper-grade.html,6422,
final/Unsorted/JSON,\\dlowenas\brain\apps\paper-intelligence-suite-python\OUTPUT\mda_math_translation_full61_20260530_053137\01_OUTBOX_REPORTS\MDA-904-appendix-sample.paper-grade.json,\\dlowenas\brain\apps\paper-intelligence-suite-python\OUTPUT\mda_math_translation_full61_20260530_053137\03_FINAL_READY\Unsorted\MDA-904-appendix-sample\JSON\MDA-904-appendix-sample.paper-grade.json,5231,
final/Unsorted/LOSSLESS_SUMMARY,\\dlowenas\brain\apps\paper-intelligence-suite-python\OUTPUT\mda_math_translation_full61_20260530_053137\01_OUTBOX_REPORTS\MDA-904-appendix-sample.paper-grade.json,\\dlowenas\brain\apps\paper-intelligence-suite-python\OUTPUT\mda_math_translation_full61_20260530_053137\03_FINAL_READY\Unsorted\MDA-904-appendix-sample\LOSSLESS_SUMMARY\MDA-904-appendix-sample.lossless-summary.md,4058,
final/Unsorted/HTML,\\dlowenas\brain\apps\paper-intelligence-suite-python\OUTPUT\mda_math_translation_full61_20260530_053137\01_OUTBOX_REPORTS\MDA-904-appendix-sample.paper-grade.json,\\dlowenas\brain\apps\paper-intelligence-suite-python\OUTPUT\mda_math_translation_full61_20260530_053137\03_FINAL_READY\Unsorted\MDA-904-appendix-sample\HTML\MDA-904-appendix-sample.paper-grade-dashboard.html,8603,rendered
final/Unsorted/EXCEL,\\dlowenas\brain\apps\paper-intelligence-suite-python\OUTPUT\mda_math_translation_full61_20260530_053137\01_OUTBOX_REPORTS\MDA-904-appendix-sample.paper-grade.json,\\dlowenas\brain\apps\paper-intelligence-suite-python\OUTPUT\mda_math_translation_full61_20260530_053137\03_FINAL_READY\Unsorted\MDA-904-appendix-sample\EXCEL\MDA-904-appendix-sample.paper-grade.review.xlsx,11024,rendered
final/Unsorted/MARKDOWN,\\dlowenas\brain\apps\paper-intelligence-suite-python\OUTPUT\mda_math_translation_full61_20260530_053137\01_OUTBOX_REPORTS\MDA-904-appendix-sample.paper-grade.md,\\dlowenas\brain\apps\paper-intelligence-suite-python\OUTPUT\mda_math_translation_full61_20260530_053137\03_FINAL_READY\Unsorted\MDA-904-appendix-sample\MARKDOWN\MDA-904-appendix-sample.paper-grade.md,976,
final/Unsorted/EXCEL,\\dlowenas\brain\apps\paper-intelligence-suite-python\OUTPUT\mda_math_translation_full61_20260530_053137\01_OUTBOX_REPORTS\MDA-904-appendix-sample.paper-grade.xlsx,\\dlowenas\brain\apps\paper-intelligence-suite-python\OUTPUT\mda_math_translation_full61_20260530_053137\03_FINAL_READY\Unsorted\MDA-904-appendix-sample\EXCEL\MDA-904-appendix-sample.paper-grade.xlsx,6310,
final/Unsorted/CLAIMS,\\dlowenas\brain\apps\paper-intelligence-suite-python\OUTPUT\mda_math_translation_full61_20260530_053137\01_OUTBOX_REPORTS\MDA-905-appendix-timeline.claim-audit.csv,\\dlowenas\brain\apps\paper-intelligence-suite-python\OUTPUT\mda_math_translation_full61_20260530_053137\03_FINAL_READY\Unsorted\MDA-905-appendix-timeline\CLAIMS\MDA-905-appendix-timeline.claim-audit.csv,3677,
html,\\dlowenas\brain\apps\paper-intelligence-suite-python\OUTPUT\mda_math_translation_full61_20260530_053137\01_OUTBOX_REPORTS\MDA-905-appendix-timeline.paper-grade.html,\\dlowenas\brain\apps\paper-intelligence-suite-python\OUTPUT\mda_math_translation_full61_20260530_053137\02_HTML_OUTPUTS\MDA-905-appendix-timeline.paper-grade.html,8093,
final/Unsorted/HTML,\\dlowenas\brain\apps\paper-intelligence-suite-python\OUTPUT\mda_math_translation_full61_20260530_053137\01_OUTBOX_REPORTS\MDA-905-appendix-timeline.paper-grade.html,\\dlowenas\brain\apps\paper-intelligence-suite-python\OUTPUT\mda_math_translation_full61_20260530_053137\03_FINAL_READY\Unsorted\MDA-905-appendix-timeline\HTML\MDA-905-appendix-timeline.paper-grade.html,8093,
final/Unsorted/JSON,\\dlowenas\brain\apps\paper-intelligence-suite-python\OUTPUT\mda_math_translation_full61_20260530_053137\01_OUTBOX_REPORTS\MDA-905-appendix-timeline.paper-grade.json,\\dlowenas\brain\apps\paper-intelligence-suite-python\OUTPUT\mda_math_translation_full61_20260530_053137\03_FINAL_READY\Unsorted\MDA-905-appendix-timeline\JSON\MDA-905-appendix-timeline.paper-grade.json,27491,
final/Unsorted/LOSSLESS_SUMMARY,\\dlowenas\brain\apps\paper-intelligence-suite-python\OUTPUT\mda_math_translation_full61_20260530_053137\01_OUTBOX_REPORTS\MDA-905-appendix-timeline.paper-grade.json,\\dlowenas\brain\apps\paper-intelligence-suite-python\OUTPUT\mda_math_translation_full61_20260530_053137\03_FINAL_READY\Unsorted\MDA-905-appendix-timeline\LOSSLESS_SUMMARY\MDA-905-appendix-timeline.lossless-summary.md,22279,
final/Unsorted/HTML,\\dlowenas\brain\apps\paper-intelligence-suite-python\OUTPUT\mda_math_translation_full61_20260530_053137\01_OUTBOX_REPORTS\MDA-905-appendix-timeline.paper-grade.json,\\dlowenas\brain\apps\paper-intelligence-suite-python\OUTPUT\mda_math_translation_full61_20260530_053137\03_FINAL_READY\Unsorted\MDA-905-appendix-timeline\HTML\MDA-905-appendix-timeline.paper-grade-dashboard.html,10670,rendered
final/Unsorted/EXCEL,\\dlowenas\brain\apps\paper-intelligence-suite-python\OUTPUT\mda_math_translation_full61_20260530_053137\01_OUTBOX_REPORTS\MDA-905-appendix-timeline.paper-grade.json,\\dlowenas\brain\apps\paper-intelligence-suite-python\OUTPUT\mda_math_translation_full61_20260530_053137\03_FINAL_READY\Unsorted\MDA-905-appendix-timeline\EXCEL\MDA-905-appendix-timeline.paper-grade.review.xlsx,17499,rendered
final/Unsorted/MARKDOWN,\\dlowenas\brain\apps\paper-intelligence-suite-python\OUTPUT\mda_math_translation_full61_20260530_053137\01_OUTBOX_REPORTS\MDA-905-appendix-timeline.paper-grade.md,\\dlowenas\brain\apps\paper-intelligence-suite-python\OUTPUT\mda_math_translation_full61_20260530_053137\03_FINAL_READY\Unsorted\MDA-905-appendix-timeline\MARKDOWN\MDA-905-appendix-timeline.paper-grade.md,3097,
final/Unsorted/EXCEL,\\dlowenas\brain\apps\paper-intelligence-suite-python\OUTPUT\mda_math_translation_full61_20260530_053137\01_OUTBOX_REPORTS\MDA-905-appendix-timeline.paper-grade.xlsx,\\dlowenas\brain\apps\paper-intelligence-suite-python\OUTPUT\mda_math_translation_full61_20260530_053137\03_FINAL_READY\Unsorted\MDA-905-appendix-timeline\EXCEL\MDA-905-appendix-timeline.paper-grade.xlsx,12649,
final/Unsorted/CLAIMS,\\dlowenas\brain\apps\paper-intelligence-suite-python\OUTPUT\mda_math_translation_full61_20260530_053137\01_OUTBOX_REPORTS\MDA-906-appendix-93-year-floor.claim-audit.csv,\\dlowenas\brain\apps\paper-intelligence-suite-python\OUTPUT\mda_math_translation_full61_20260530_053137\03_FINAL_READY\Unsorted\MDA-906-appendix-93-year-floor\CLAIMS\MDA-906-appendix-93-year-floor.claim-audit.csv,19730,
html,\\dlowenas\brain\apps\paper-intelligence-suite-python\OUTPUT\mda_math_translation_full61_20260530_053137\01_OUTBOX_REPORTS\MDA-906-appendix-93-year-floor.paper-grade.html,\\dlowenas\brain\apps\paper-intelligence-suite-python\OUTPUT\mda_math_translation_full61_20260530_053137\02_HTML_OUTPUTS\MDA-906-appendix-93-year-floor.paper-grade.html,16421,
final/Unsorted/HTML,\\dlowenas\brain\apps\paper-intelligence-suite-python\OUTPUT\mda_math_translation_full61_20260530_053137\01_OUTBOX_REPORTS\MDA-906-appendix-93-year-floor.paper-grade.html,\\dlowenas\brain\apps\paper-intelligence-suite-python\OUTPUT\mda_math_translation_full61_20260530_053137\03_FINAL_READY\Unsorted\MDA-906-appendix-93-year-floor\HTML\MDA-906-appendix-93-year-floor.paper-grade.html,16421,
final/Unsorted/JSON,\\dlowenas\brain\apps\paper-intelligence-suite-python\OUTPUT\mda_math_translation_full61_20260530_053137\01_OUTBOX_REPORTS\MDA-906-appendix-93-year-floor.paper-grade.json,\\dlowenas\brain\apps\paper-intelligence-suite-python\OUTPUT\mda_math_translation_full61_20260530_053137\03_FINAL_READY\Unsorted\MDA-906-appendix-93-year-floor\JSON\MDA-906-appendix-93-year-floor.paper-grade.json,49869,
final/Unsorted/LOSSLESS_SUMMARY,\\dlowenas\brain\apps\paper-intelligence-suite-python\OUTPUT\mda_math_translation_full61_20260530_053137\01_OUTBOX_REPORTS\MDA-906-appendix-93-year-floor.paper-grade.json,\\dlowenas\brain\apps\paper-intelligence-suite-python\OUTPUT\mda_math_translation_full61_20260530_053137\03_FINAL_READY\Unsorted\MDA-906-appendix-93-year-floor\LOSSLESS_SUMMARY\MDA-906-appendix-93-year-floor.lossless-summary.md,42286,
final/Unsorted/HTML,\\dlowenas\brain\apps\paper-intelligence-suite-python\OUTPUT\mda_math_translation_full61_20260530_053137\01_OUTBOX_REPORTS\MDA-906-appendix-93-year-floor.paper-grade.json,\\dlowenas\brain\apps\paper-intelligence-suite-python\OUTPUT\mda_math_translation_full61_20260530_053137\03_FINAL_READY\Unsorted\MDA-906-appendix-93-year-floor\HTML\MDA-906-appendix-93-year-floor.paper-grade-dashboard.html,20517,rendered
final/Unsorted/EXCEL,\\dlowenas\brain\apps\paper-intelligence-suite-python\OUTPUT\mda_math_translation_full61_20260530_053137\01_OUTBOX_REPORTS\MDA-906-appendix-93-year-floor.paper-grade.json,\\dlowenas\brain\apps\paper-intelligence-suite-python\OUTPUT\mda_math_translation_full61_20260530_053137\03_FINAL_READY\Unsorted\MDA-906-appendix-93-year-floor\EXCEL\MDA-906-appendix-93-year-floor.paper-grade.review.xlsx,18205,rendered
final/Unsorted/MARKDOWN,\\dlowenas\brain\apps\paper-intelligence-suite-python\OUTPUT\mda_math_translation_full61_20260530_053137\01_OUTBOX_REPORTS\MDA-906-appendix-93-year-floor.paper-grade.md,\\dlowenas\brain\apps\paper-intelligence-suite-python\OUTPUT\mda_math_translation_full61_20260530_053137\03_FINAL_READY\Unsorted\MDA-906-appendix-93-year-floor\MARKDOWN\MDA-906-appendix-93-year-floor.paper-grade.md,14614,
final/Unsorted/EXCEL,\\dlowenas\brain\apps\paper-intelligence-suite-python\OUTPUT\mda_math_translation_full61_20260530_053137\01_OUTBOX_REPORTS\MDA-906-appendix-93-year-floor.paper-grade.xlsx,\\dlowenas\brain\apps\paper-intelligence-suite-python\OUTPUT\mda_math_translation_full61_20260530_053137\03_FINAL_READY\Unsorted\MDA-906-appendix-93-year-floor\EXCEL\MDA-906-appendix-93-year-floor.paper-grade.xlsx,13328,
